source,target
eugenium,tensorflow/tensorflow
yupbank,tensorflow/tensorflow
mitake,tensorflow/tensorflow
kyunghyuncho,tensorflow/tensorflow
shovon,tensorflow/tensorflow
tiddler,tensorflow/tensorflow
craigcitro,tensorflow/tensorflow
bigwhite,tensorflow/tensorflow
dittos,tensorflow/tensorflow
visionnet,tensorflow/tensorflow
phisiart,tensorflow/tensorflow
duguyue100,tensorflow/tensorflow
ncb000gt,tensorflow/tensorflow
Florian-kun,tensorflow/tensorflow
zlmzju,tensorflow/tensorflow
timgluz,tensorflow/tensorflow
filipre,tensorflow/tensorflow
ice-melon,tensorflow/tensorflow
mathetian,tensorflow/tensorflow
carbonz0,tensorflow/tensorflow
shuokay,tensorflow/tensorflow
mblondel,tensorflow/tensorflow
cameronphchen,tensorflow/tensorflow
dennybritz,tensorflow/tensorflow
bennokr,tensorflow/tensorflow
kudkudak,tensorflow/tensorflow
petro-rudenko,tensorflow/tensorflow
rockt,tensorflow/tensorflow
danbri,tensorflow/tensorflow
mrry,tensorflow/tensorflow
nlp4whp,google-deepmind/einshape
ylxdzsw,google-deepmind/einshape
lesniewski,google-deepmind/einshape
nikitavoloboev,google-deepmind/einshape
rajaswa,google-deepmind/einshape
zeionara,google-deepmind/einshape
jsikyoon,google-deepmind/einshape
fly51fly,google-deepmind/einshape
Julian-Nguyen,google-deepmind/einshape
sweetcocoa,google-deepmind/einshape
mszarski,google-deepmind/einshape
matt-hughes,google-deepmind/einshape
Gnimuc,google-deepmind/einshape
ckmiller,google-deepmind/einshape
KeAWang,google-deepmind/einshape
sodabeta7,google-deepmind/einshape
Gurvan,google-deepmind/einshape
HakeemDemi,google-deepmind/einshape
alshedivat,google-deepmind/einshape
taesiri,google-deepmind/einshape
kngwyu,google-deepmind/einshape
soraros,google-deepmind/einshape
joaogui1,google-deepmind/einshape
machc,google-deepmind/einshape
rishistyping,google-deepmind/einshape
stjordanis,google-deepmind/einshape
ptigas,google-deepmind/einshape
haznai,google-deepmind/einshape
hbq1,google-deepmind/einshape
GitHub30,google-deepmind/einshape
lmh1020lmh,ujjwalkarn/Machine-Learning-Tutorials
logen1004,ujjwalkarn/Machine-Learning-Tutorials
mrjato,ujjwalkarn/Machine-Learning-Tutorials
lipido,ujjwalkarn/Machine-Learning-Tutorials
bwanglzu,ujjwalkarn/Machine-Learning-Tutorials
belskikh,ujjwalkarn/Machine-Learning-Tutorials
suichen,ujjwalkarn/Machine-Learning-Tutorials
chibaofang,ujjwalkarn/Machine-Learning-Tutorials
mahijar,ujjwalkarn/Machine-Learning-Tutorials
ddofer,ujjwalkarn/Machine-Learning-Tutorials
oleshch,ujjwalkarn/Machine-Learning-Tutorials
truskovskiyk,ujjwalkarn/Machine-Learning-Tutorials
croberts,ujjwalkarn/Machine-Learning-Tutorials
bhargav333,ujjwalkarn/Machine-Learning-Tutorials
pablocouto,ujjwalkarn/Machine-Learning-Tutorials
fsodogandji,ujjwalkarn/Machine-Learning-Tutorials
terretta,ujjwalkarn/Machine-Learning-Tutorials
rquintas,ujjwalkarn/Machine-Learning-Tutorials
RomainBrunias,ujjwalkarn/Machine-Learning-Tutorials
TerribleMachine,ujjwalkarn/Machine-Learning-Tutorials
petro-rudenko,ujjwalkarn/Machine-Learning-Tutorials
Tutufa,ujjwalkarn/Machine-Learning-Tutorials
ili3p,ujjwalkarn/Machine-Learning-Tutorials
asawq2006,ujjwalkarn/Machine-Learning-Tutorials
andyrsmith,ujjwalkarn/Machine-Learning-Tutorials
mgill25,ujjwalkarn/Machine-Learning-Tutorials
legator,ujjwalkarn/Machine-Learning-Tutorials
cadrev,ujjwalkarn/Machine-Learning-Tutorials
kohgpat,ujjwalkarn/Machine-Learning-Tutorials
isnehil,ujjwalkarn/Machine-Learning-Tutorials
miquelmalaga,thelilypad/systematic-trader
antonbass,thelilypad/systematic-trader
monsonjeremy,thelilypad/systematic-trader
parkerburchett,thelilypad/systematic-trader
shahaqsta,thelilypad/systematic-trader
majkee15,thelilypad/systematic-trader
aglove2189,thelilypad/systematic-trader
dukes00,thelilypad/systematic-trader
skzv,thelilypad/systematic-trader
lunchforsoup,thelilypad/systematic-trader
mansfiem,thelilypad/systematic-trader
suffianhamzah,thelilypad/systematic-trader
jparklev,thelilypad/systematic-trader
ThierryBleau,thelilypad/systematic-trader
hamete4649,thelilypad/systematic-trader
broehiehoa,thelilypad/systematic-trader
joarango10,thelilypad/systematic-trader
IAjimi,thelilypad/systematic-trader
swaraj02,thelilypad/systematic-trader
mosaictheory-hy,thelilypad/systematic-trader
pmnry,thelilypad/systematic-trader
samlegg,thelilypad/systematic-trader
jm-projects,thelilypad/systematic-trader
DiogoMBaltazar,thelilypad/systematic-trader
mylons,thelilypad/systematic-trader
schuerg1900,thelilypad/systematic-trader
bajso,thelilypad/systematic-trader
smgriffin,thelilypad/systematic-trader
metterklume,thelilypad/systematic-trader
jdelman,thelilypad/systematic-trader
DrZhouKarl,eugenium/DGL
AmazingZ6,eugenium/DGL
NDBTjay,eugenium/DGL
lebeausc,eugenium/DGL
han678,eugenium/DGL
eugenium,eugenium/DGL
munael,eugenium/DGL
yuxiang-zhang,eugenium/DGL
dothyt,eugenium/DGL
gaow0007,eugenium/DGL
itanfeng,eugenium/DGL
parasj,eugenium/DGL
gmittal,eugenium/DGL
dhx000,eugenium/DGL
YanghaoZYH,eugenium/DGL
mnmjh1215,eugenium/DGL
arturbeg,eugenium/DGL
cbbjames,eugenium/DGL
mjpyeon,eugenium/DGL
MuawizChaudhary,eugenium/DGL
ZHUANGHP,eugenium/DGL
ThorinLee,eugenium/DGL
xu3kev,eugenium/DGL
fly51fly,eugenium/DGL
edouardoyallon,eugenium/DGL
mehdidc,eugenium/DGL
eickenberg,eugenium/DGL
akhileshgotmare,eugenium/DGL
josecohenca,eugenium/DGL
iphysresearch,eugenium/DGL
HakeemDemi,kaistAI/CINGS
smellslikeml,kaistAI/CINGS
onkelbeh,lizardsystems/yawl-controller
vavik96,lizardsystems/yawl-controller
narkis-feldman-imagenai,lizardsystems/yawl-controller
bernhard-efler,lizardsystems/yawl-controller
mkrentovskiy,lizardsystems/yawl-controller
socketfork,lizardsystems/yawl-controller
ozett,lizardsystems/yawl-controller
monecchi,lizardsystems/yawl-controller
hmmcclish,lizardsystems/yawl-controller
AlexSZbrn,lizardsystems/yawl-controller
UMTechnologies,lizardsystems/yawl-controller
smarthome27283,lizardsystems/yawl-controller
timoooooooooooo,lizardsystems/yawl-controller
Gethe,lizardsystems/yawl-controller
ilkarataev,lizardsystems/yawl-controller
smarthomenow,lizardsystems/yawl-controller
Squatty86,lizardsystems/yawl-controller
masto,lizardsystems/yawl-controller
Jugrnot,lizardsystems/yawl-controller
Pixelmond,lizardsystems/yawl-controller
192384089,lizardsystems/yawl-controller
orinocoz,lizardsystems/yawl-controller
numindast,lizardsystems/yawl-controller
ElectroMagus,lizardsystems/yawl-controller
Masterbandit,lizardsystems/yawl-controller
omarowns,lizardsystems/yawl-controller
pruwait,lizardsystems/yawl-controller
betamoojw,lizardsystems/yawl-controller
codmpm,lizardsystems/yawl-controller
mattgrooms,lizardsystems/yawl-controller
gtsbgogss,geeeeeeeeek/electronic-wechat
zeratel,geeeeeeeeek/electronic-wechat
ScorpioNeal,geeeeeeeeek/electronic-wechat
HavenShen,geeeeeeeeek/electronic-wechat
Jack-Xiao,geeeeeeeeek/electronic-wechat
kaibbb,geeeeeeeeek/electronic-wechat
JoyZeng,geeeeeeeeek/electronic-wechat
yanguanyu,geeeeeeeeek/electronic-wechat
LentoLee,geeeeeeeeek/electronic-wechat
vanCopper,geeeeeeeeek/electronic-wechat
xnth97,geeeeeeeeek/electronic-wechat
CycloneAxe,geeeeeeeeek/electronic-wechat
caoguang,geeeeeeeeek/electronic-wechat
bambooom,geeeeeeeeek/electronic-wechat
xieren58,geeeeeeeeek/electronic-wechat
likaihere,geeeeeeeeek/electronic-wechat
Hanqing,geeeeeeeeek/electronic-wechat
kafka0102,geeeeeeeeek/electronic-wechat
hylong,geeeeeeeeek/electronic-wechat
jujusharp,geeeeeeeeek/electronic-wechat
ChaosJohn,geeeeeeeeek/electronic-wechat
viko16,geeeeeeeeek/electronic-wechat
huanz,geeeeeeeeek/electronic-wechat
lloydzhou,geeeeeeeeek/electronic-wechat
DIYgod,geeeeeeeeek/electronic-wechat
jk2K,geeeeeeeeek/electronic-wechat
jiacheng-xu,geeeeeeeeek/electronic-wechat
Brooooooklyn,geeeeeeeeek/electronic-wechat
subcrew,geeeeeeeeek/electronic-wechat
geeeeeeeeek,geeeeeeeeek/electronic-wechat
hanningzhang,RLHFlow/RLHF-Reward-Modeling
rodrigodelazcano,RLHFlow/RLHF-Reward-Modeling
Timsty1,RLHFlow/RLHF-Reward-Modeling
alielfilali01,RLHFlow/RLHF-Reward-Modeling
chuanmingliu,RLHFlow/RLHF-Reward-Modeling
Heepo,RLHFlow/RLHF-Reward-Modeling
dapurv5,RLHFlow/RLHF-Reward-Modeling
research4pan,RLHFlow/RLHF-Reward-Modeling
fgblanch,RLHFlow/RLHF-Reward-Modeling
joennlae,RLHFlow/RLHF-Reward-Modeling
masoudhashemi,RLHFlow/RLHF-Reward-Modeling
proger,RLHFlow/RLHF-Reward-Modeling
gm8xx8,RLHFlow/RLHF-Reward-Modeling
dvsrepo,RLHFlow/RLHF-Reward-Modeling
tengyangxie,RLHFlow/RLHF-Reward-Modeling
rguo12,RLHFlow/RLHF-Reward-Modeling
Andrewzh112,RLHFlow/RLHF-Reward-Modeling
emigmo,RLHFlow/RLHF-Reward-Modeling
GuhFeng,RLHFlow/RLHF-Reward-Modeling
xuanfeiren,RLHFlow/RLHF-Reward-Modeling
hanzhong-ml,RLHFlow/RLHF-Reward-Modeling
Hu-Chuxuan,RLHFlow/RLHF-Reward-Modeling
YangRui2015,RLHFlow/RLHF-Reward-Modeling
Chengshuai-Shi,RLHFlow/RLHF-Reward-Modeling
wzq016,RLHFlow/RLHF-Reward-Modeling
RongWei2318,RLHFlow/RLHF-Reward-Modeling
WeiXiongUST,RLHFlow/RLHF-Reward-Modeling
Violet24K,RLHFlow/RLHF-Reward-Modeling
xidulu,RLHFlow/RLHF-Reward-Modeling
hendrydong,RLHFlow/RLHF-Reward-Modeling
alexandrutocar,sergiodxa/remix-auth-oauth2
Pittawat2542,sergiodxa/remix-auth-oauth2
T-AIMaven,sergiodxa/remix-auth-oauth2
markmals,sergiodxa/remix-auth-oauth2
mcansh,sergiodxa/remix-auth-oauth2
javimbk,sergiodxa/remix-auth-oauth2
thivy,sergiodxa/remix-auth-oauth2
TimmersThomas,sergiodxa/remix-auth-oauth2
falegh,sergiodxa/remix-auth-oauth2
gaboesquivel,sergiodxa/remix-auth-oauth2
sergiodxa-silverback,sergiodxa/remix-auth-oauth2
chanan,sergiodxa/remix-auth-oauth2
shoichiaizawa,sergiodxa/remix-auth-oauth2
azu,sergiodxa/remix-auth-oauth2
divmgl,sergiodxa/remix-auth-oauth2
kjaenicke,sergiodxa/remix-auth-oauth2
franzwilhelm,sergiodxa/remix-auth-oauth2
Catevika,sergiodxa/remix-auth-oauth2
niwsa,sergiodxa/remix-auth-oauth2
freeman,sergiodxa/remix-auth-oauth2
robertmircea,sergiodxa/remix-auth-oauth2
shamsup,sergiodxa/remix-auth-oauth2
davidsoderberg,sergiodxa/remix-auth-oauth2
nsantos16,sergiodxa/remix-auth-oauth2
MichaelDeBoey,sergiodxa/remix-auth-oauth2
MarcosNASA,sergiodxa/remix-auth-oauth2
nikitavoloboev,sergiodxa/remix-auth-oauth2
sergiodxa,sergiodxa/remix-auth-oauth2
agdolla,sergiodxa/remix-auth-oauth2
fergusmeiklejohn,sergiodxa/remix-auth-oauth2
bennokr,jrvosse/amalgame
jrvosse,jrvosse/amalgame
jneubert,jrvosse/amalgame
LvanWissen,jrvosse/amalgame
shuaiwangvu,jrvosse/amalgame
hroptatyr,jrvosse/amalgame
schlawiner,jrvosse/amalgame
jonnydubowsky,jrvosse/amalgame
CaptSolo,jrvosse/amalgame
mfaden,jrvosse/amalgame
arriolac,koush/AndroidAsync
coolya,koush/AndroidAsync
eveliotc,koush/AndroidAsync
vicktor,koush/AndroidAsync
monnand,koush/AndroidAsync
gshockv,koush/AndroidAsync
keremkusmezer,koush/AndroidAsync
leon456,koush/AndroidAsync
luklanis,koush/AndroidAsync
jcberleur,koush/AndroidAsync
trietbui85,koush/AndroidAsync
zeuxisoo,koush/AndroidAsync
thorinside,koush/AndroidAsync
jasonostrander,koush/AndroidAsync
scottagarman,koush/AndroidAsync
hemb,koush/AndroidAsync
gregghz,koush/AndroidAsync
runty,koush/AndroidAsync
lexs,koush/AndroidAsync
velazcod,koush/AndroidAsync
Gasol,koush/AndroidAsync
rorist,koush/AndroidAsync
jonathanyee,koush/AndroidAsync
acelan,koush/AndroidAsync
skyisle,koush/AndroidAsync
kenguish,koush/AndroidAsync
checko,koush/AndroidAsync
fredgrott,koush/AndroidAsync
shaobin0604,koush/AndroidAsync
oddeirik,koush/AndroidAsync
fly51fly,tongyx361/Awesome-LLM4Math
TangYuan96,tongyx361/Awesome-LLM4Math
wanghaiijiaocool,tongyx361/Awesome-LLM4Math
SinclairCoder,tongyx361/Awesome-LLM4Math
AFeng-x,tongyx361/Awesome-LLM4Math
ppq12138,tongyx361/Awesome-LLM4Math
WooDwayToneTion,tongyx361/Awesome-LLM4Math
Ber666,tongyx361/Awesome-LLM4Math
tuofeilunhifi,tongyx361/Awesome-LLM4Math
EMOAIRX,tongyx361/Awesome-LLM4Math
QuangDiy,tongyx361/Awesome-LLM4Math
Alsace08,tongyx361/Awesome-LLM4Math
Alan-Qin,tongyx361/Awesome-LLM4Math
RunxinXu,tongyx361/Awesome-LLM4Math
jxhe,tongyx361/Awesome-LLM4Math
crazycth,tongyx361/Awesome-LLM4Math
Lichang-Chen,tongyx361/Awesome-LLM4Math
CarelessLee,tongyx361/Awesome-LLM4Math
straberrywakaka,tongyx361/Awesome-LLM4Math
NaOH678,tongyx361/Awesome-LLM4Math
NeXX-N,tongyx361/Awesome-LLM4Math
witran,tongyx361/Awesome-LLM4Math
zehuichen123,tongyx361/Awesome-LLM4Math
Ivan-Tang-3D,tongyx361/Awesome-LLM4Math
fengsxy,tongyx361/Awesome-LLM4Math
yoyostudy,tongyx361/Awesome-LLM4Math
HuangZhen02,tongyx361/Awesome-LLM4Math
lixuefeng02,tongyx361/Awesome-LLM4Math
GanjinZero,tongyx361/Awesome-LLM4Math
tongyx361,tongyx361/Awesome-LLM4Math
mewk,boostorg/boost
fuluchii,boostorg/boost
teopeurt,boostorg/boost
jshrake,boostorg/boost
n1f7,boostorg/boost
djbarker,boostorg/boost
mwmarkland,boostorg/boost
matiasfg,boostorg/boost
smanders,boostorg/boost
lmdsp,boostorg/boost
tee3,boostorg/boost
bjoernpollex,boostorg/boost
Fifty-Nine,boostorg/boost
patrickjwhite,boostorg/boost
if1live,boostorg/boost
sylvainpion,boostorg/boost
akihiroy,boostorg/boost
aweorit,boostorg/boost
EricMCornelius,boostorg/boost
ipapadop,boostorg/boost
tenzink,boostorg/boost
kylelutz,boostorg/boost
staubina,boostorg/boost
rpavlik,boostorg/boost
castedmo,boostorg/boost
cdglove,boostorg/boost
helloIAmPau,boostorg/boost
jakar,boostorg/boost
ahundt,boostorg/boost
bartsipes,boostorg/boost
shravankb,ml-tooling/best-of-ml-python
chris-toph-t,ml-tooling/best-of-ml-python
KshitijAggarwal,ml-tooling/best-of-ml-python
pravirkr,ml-tooling/best-of-ml-python
martjushev,ml-tooling/best-of-ml-python
rikhoffbauer,ml-tooling/best-of-ml-python
devanshkv,ml-tooling/best-of-ml-python
slyviacassell,ml-tooling/best-of-ml-python
talegari,ml-tooling/best-of-ml-python
gauravssnl,ml-tooling/best-of-ml-python
sacridini,ml-tooling/best-of-ml-python
JanKalkan,ml-tooling/best-of-ml-python
saheelBreezo,ml-tooling/best-of-ml-python
ignaciosotoz,ml-tooling/best-of-ml-python
systats,ml-tooling/best-of-ml-python
PaulOpu,ml-tooling/best-of-ml-python
ekdnam,ml-tooling/best-of-ml-python
bkavlak,ml-tooling/best-of-ml-python
CharlesCreativeContent,ml-tooling/best-of-ml-python
DoKwonLee,ml-tooling/best-of-ml-python
UjwalKandi,ml-tooling/best-of-ml-python
robsalasco,ml-tooling/best-of-ml-python
chrieke,ml-tooling/best-of-ml-python
cceyda,ml-tooling/best-of-ml-python
liu-yihong,ml-tooling/best-of-ml-python
allenzhao,ml-tooling/best-of-ml-python
raethlein,ml-tooling/best-of-ml-python
jrieke,ml-tooling/best-of-ml-python
simulatio,ml-tooling/best-of-ml-python
pablovela5620,ml-tooling/best-of-ml-python
lxg2015,ISEEKYAN/mbridge
garrett4wade,ISEEKYAN/mbridge
ji-huazhong,ISEEKYAN/mbridge
cailun01,ISEEKYAN/mbridge
FightingZhen,ISEEKYAN/mbridge
ElenaViewSynthesis,ISEEKYAN/mbridge
cjj826,ISEEKYAN/mbridge
NLP-Learning,ISEEKYAN/mbridge
CSHaitao,ISEEKYAN/mbridge
ETOgaosion,ISEEKYAN/mbridge
liuyanyi,ISEEKYAN/mbridge
brickfrog,ISEEKYAN/mbridge
teilomillet,ISEEKYAN/mbridge
hiyouga,ISEEKYAN/mbridge
zhangying950,ISEEKYAN/mbridge
GHGmc2,ISEEKYAN/mbridge
vermouth1992,ISEEKYAN/mbridge
slyviacassell,ISEEKYAN/mbridge
yushengsu-thu,ISEEKYAN/mbridge
JiwenJ,ISEEKYAN/mbridge
v4if,ISEEKYAN/mbridge
jhinpan,ISEEKYAN/mbridge
Victarry,ISEEKYAN/mbridge
woshipapa,ISEEKYAN/mbridge
UbeCc,ISEEKYAN/mbridge
ocss884,ISEEKYAN/mbridge
zhuzilin,ISEEKYAN/mbridge
SwordFaith,ISEEKYAN/mbridge
TranSirius,ISEEKYAN/mbridge
yitianlian,ISEEKYAN/mbridge
anjingxz,ServiceNow/BrowserGym
jwen-psy,ServiceNow/BrowserGym
ryomahan,ServiceNow/BrowserGym
cnolka,ServiceNow/BrowserGym
jinsm,ServiceNow/BrowserGym
zszbyzsz,ServiceNow/BrowserGym
6david9,ServiceNow/BrowserGym
lucifer2288,ServiceNow/BrowserGym
mitultiwari,ServiceNow/BrowserGym
Jack199648,ServiceNow/BrowserGym
Felixchen1024,ServiceNow/BrowserGym
peanutDD,ServiceNow/BrowserGym
hcxqty83105,ServiceNow/BrowserGym
icychick-liu,ServiceNow/BrowserGym
anselorville,ServiceNow/BrowserGym
ilyydy,ServiceNow/BrowserGym
CaoZihang,ServiceNow/BrowserGym
youqiang95,ServiceNow/BrowserGym
SteedMonteiro,ServiceNow/BrowserGym
ncoop57,ServiceNow/BrowserGym
mcobzarenco,ServiceNow/BrowserGym
faddy19,ServiceNow/BrowserGym
diogofranciscop,ServiceNow/BrowserGym
sasikiran,ServiceNow/BrowserGym
zigforge,ServiceNow/BrowserGym
worldveil,ServiceNow/BrowserGym
mrauha,ServiceNow/BrowserGym
ashok-arjun,ServiceNow/BrowserGym
rccogar,ServiceNow/BrowserGym
optimass,ServiceNow/BrowserGym
yishangru,aliyun/speedpix-go
waynewang2000,aliyun/speedpix-go
delta-qin,aliyun/speedpix-go
kuancz,aliyun/speedpix-go
piaolingxue,aliyun/speedpix-go
GitHub30,aliyun/speedpix-go
FANG-Xiaolin,Eric-mingjie/rethinking-network-pruning
scholltan,Eric-mingjie/rethinking-network-pruning
howardchina,Eric-mingjie/rethinking-network-pruning
imxyu,Eric-mingjie/rethinking-network-pruning
fly51fly,Eric-mingjie/rethinking-network-pruning
kevinlemon,Eric-mingjie/rethinking-network-pruning
guanfuchen,Eric-mingjie/rethinking-network-pruning
austingg,Eric-mingjie/rethinking-network-pruning
amadeuzou,Eric-mingjie/rethinking-network-pruning
YiLiangNie,Eric-mingjie/rethinking-network-pruning
greed2411,Eric-mingjie/rethinking-network-pruning
wangzhe0623,Eric-mingjie/rethinking-network-pruning
sriharsha0806,Eric-mingjie/rethinking-network-pruning
ZiangYan,Eric-mingjie/rethinking-network-pruning
lufo816,Eric-mingjie/rethinking-network-pruning
Minotaur-CN,Eric-mingjie/rethinking-network-pruning
YangJunwen,Eric-mingjie/rethinking-network-pruning
xingyizhou,Eric-mingjie/rethinking-network-pruning
Jiankai-Sun,Eric-mingjie/rethinking-network-pruning
durandtibo,Eric-mingjie/rethinking-network-pruning
Kelvinson,Eric-mingjie/rethinking-network-pruning
ruotianluo,Eric-mingjie/rethinking-network-pruning
rog93,Eric-mingjie/rethinking-network-pruning
huangzehao,Eric-mingjie/rethinking-network-pruning
BowieHsu,Eric-mingjie/rethinking-network-pruning
richardhahahaha,Eric-mingjie/rethinking-network-pruning
power0341,Eric-mingjie/rethinking-network-pruning
LancerLian,Eric-mingjie/rethinking-network-pruning
Eric-mingjie,Eric-mingjie/rethinking-network-pruning
ZhihuaGao,Eric-mingjie/rethinking-network-pruning
pugson,IDmedia/hass-unraid
Mosher23,IDmedia/hass-unraid
zsgcgrs,IDmedia/hass-unraid
wildenrou,IDmedia/hass-unraid
stu1811,IDmedia/hass-unraid
kaceys,IDmedia/hass-unraid
vmoral,IDmedia/hass-unraid
megakid,IDmedia/hass-unraid
jamieelliston,IDmedia/hass-unraid
kevinjalbert,IDmedia/hass-unraid
tmeuze,IDmedia/hass-unraid
gangehe,IDmedia/hass-unraid
StoneWaves,IDmedia/hass-unraid
sirotkaslo,IDmedia/hass-unraid
Zeltnervonbank,IDmedia/hass-unraid
Hankanman,IDmedia/hass-unraid
bungquiqui,IDmedia/hass-unraid
1ComputerSavvyGuy,IDmedia/hass-unraid
echoblag,IDmedia/hass-unraid
travi,IDmedia/hass-unraid
Borlean,IDmedia/hass-unraid
lukasMega,IDmedia/hass-unraid
vhodh,IDmedia/hass-unraid
leegodfre,IDmedia/hass-unraid
mrestorff,IDmedia/hass-unraid
rj-d2,IDmedia/hass-unraid
jamescochran,IDmedia/hass-unraid
pageb018,IDmedia/hass-unraid
jrphoenix77,IDmedia/hass-unraid
TheMyst,IDmedia/hass-unraid
cyril-51,DorsaRoh/Machine-Learning
xiongy25,DorsaRoh/Machine-Learning
mrragava,DorsaRoh/Machine-Learning
kkolobe,DorsaRoh/Machine-Learning
mariuz,DorsaRoh/Machine-Learning
maximaminima,DorsaRoh/Machine-Learning
camenduru,DorsaRoh/Machine-Learning
inter1965,DorsaRoh/Machine-Learning
RishiD99,DorsaRoh/Machine-Learning
XUEbaogai0101,DorsaRoh/Machine-Learning
obaica,DorsaRoh/Machine-Learning
akmalsabri,DorsaRoh/Machine-Learning
andrewalson,DorsaRoh/Machine-Learning
Zumus,DorsaRoh/Machine-Learning
catastropiyush,DorsaRoh/Machine-Learning
gbertb,DorsaRoh/Machine-Learning
treeoflovely,DorsaRoh/Machine-Learning
drewocarr,DorsaRoh/Machine-Learning
revand5467,DorsaRoh/Machine-Learning
LuizSantana-git,DorsaRoh/Machine-Learning
kabs9000,DorsaRoh/Machine-Learning
dan10ish,DorsaRoh/Machine-Learning
UdaraJay,DorsaRoh/Machine-Learning
Alixmixx,DorsaRoh/Machine-Learning
J0SAL,DorsaRoh/Machine-Learning
star14ms,DorsaRoh/Machine-Learning
ethannoting,DorsaRoh/Machine-Learning
Plly416,DorsaRoh/Machine-Learning
kodeCraze,DorsaRoh/Machine-Learning
DorsaRoh,DorsaRoh/Machine-Learning
mitake,sinshu/mafia-monogame
cleexiang,boson-ai/RPBench-Auto
0xDing,boson-ai/RPBench-Auto
XinDongol,boson-ai/RPBench-Auto
frinkleko,boson-ai/RPBench-Auto
locussam,boson-ai/RPBench-Auto
xiaojingli,boson-ai/RPBench-Auto
chasekafei,boson-ai/RPBench-Auto
etShaw-zh,boson-ai/RPBench-Auto
Yuan-ManX,boson-ai/RPBench-Auto
luohao123,boson-ai/RPBench-Auto
1787648106,boson-ai/RPBench-Auto
RunxinXu,boson-ai/RPBench-Auto
zachzzc,boson-ai/RPBench-Auto
Youggls,boson-ai/RPBench-Auto
weirayao,boson-ai/RPBench-Auto
lijun20,boson-ai/RPBench-Auto
pikid,boson-ai/RPBench-Auto
fly51fly,boson-ai/RPBench-Auto
wchstrife,boson-ai/RPBench-Auto
FrankYoungchen,boson-ai/RPBench-Auto
guquandaju012,boson-ai/RPBench-Auto
RuskinManku,boson-ai/RPBench-Auto
gaozhihan,boson-ai/RPBench-Auto
seefun,boson-ai/RPBench-Auto
HuangLK,boson-ai/RPBench-Auto
chenghuaWang,boson-ai/RPBench-Auto
FangHeng,boson-ai/RPBench-Auto
negrinho,boson-ai/RPBench-Auto
randxie,boson-ai/RPBench-Auto
bryanyzhu,boson-ai/RPBench-Auto
MMK21Hub,codergautam/worldguessr
sumairb,codergautam/worldguessr
mjcarnaje,codergautam/worldguessr
devbykokokung,codergautam/worldguessr
r3dacted42,codergautam/worldguessr
immanelg,codergautam/worldguessr
7owh,codergautam/worldguessr
maxwoollons,codergautam/worldguessr
ritesh-rg,codergautam/worldguessr
dannielcristie,codergautam/worldguessr
TripFarmer,codergautam/worldguessr
rnegic,codergautam/worldguessr
obfuscatedgenerated,codergautam/worldguessr
JustXLS,codergautam/worldguessr
Sampeerez,codergautam/worldguessr
joao-borrego,codergautam/worldguessr
sorbose,codergautam/worldguessr
maaartyyynaa,codergautam/worldguessr
PupoSDC,codergautam/worldguessr
Creative-Difficulty,codergautam/worldguessr
777lefty,codergautam/worldguessr
Cosmic6811,codergautam/worldguessr
mjgrzymek,codergautam/worldguessr
jayan12k,codergautam/worldguessr
IcedHue,codergautam/worldguessr
Aaron98990,codergautam/worldguessr
filipjarolim,codergautam/worldguessr
cldprv,codergautam/worldguessr
CyrilAndreyev,codergautam/worldguessr
codergautam,codergautam/worldguessr
OlaSam,b7leung/MLE-Flashcards
Chaudry24,b7leung/MLE-Flashcards
edkazcarlson,b7leung/MLE-Flashcards
andrewcstewart,b7leung/MLE-Flashcards
denistanjingyu,b7leung/MLE-Flashcards
JamalRahman,b7leung/MLE-Flashcards
camfairchild,b7leung/MLE-Flashcards
hoyttyoh,b7leung/MLE-Flashcards
jtoy,b7leung/MLE-Flashcards
aaronjrod,b7leung/MLE-Flashcards
boyihao-utp,b7leung/MLE-Flashcards
pcarver21,b7leung/MLE-Flashcards
dblinski,b7leung/MLE-Flashcards
Vitor-Almeida,b7leung/MLE-Flashcards
taruma,b7leung/MLE-Flashcards
jingmin1987,b7leung/MLE-Flashcards
brianrp2000,b7leung/MLE-Flashcards
rameau-fr,b7leung/MLE-Flashcards
twibiral,b7leung/MLE-Flashcards
adrikosm,b7leung/MLE-Flashcards
rodrigoegimenez,b7leung/MLE-Flashcards
larson-7,b7leung/MLE-Flashcards
fsq2,b7leung/MLE-Flashcards
houssem-o,b7leung/MLE-Flashcards
isnbh0,b7leung/MLE-Flashcards
kemalariboga,b7leung/MLE-Flashcards
shresthas22,b7leung/MLE-Flashcards
badayvedat,b7leung/MLE-Flashcards
CaptainDario,b7leung/MLE-Flashcards
MShoaei,b7leung/MLE-Flashcards
LXLHXL123,rom1504/img2dataset
geonm,rom1504/img2dataset
raijinspecial,rom1504/img2dataset
olgaiv39,rom1504/img2dataset
FutureBody,rom1504/img2dataset
kangvcar,rom1504/img2dataset
xjcvip007,rom1504/img2dataset
lishulongVI,rom1504/img2dataset
ShawonAshraf,rom1504/img2dataset
ouhenio,rom1504/img2dataset
allanj,rom1504/img2dataset
Hourout,rom1504/img2dataset
dsx-ai,rom1504/img2dataset
numsi,rom1504/img2dataset
AppServiceProvider,rom1504/img2dataset
fly51fly,rom1504/img2dataset
seongminp,rom1504/img2dataset
theblackcat102,rom1504/img2dataset
SantoshSrinivas79,rom1504/img2dataset
achuthasubhash,rom1504/img2dataset
rish-16,rom1504/img2dataset
AranKomat,rom1504/img2dataset
hassiahk,rom1504/img2dataset
kunato,rom1504/img2dataset
borisdayma,rom1504/img2dataset
afiaka87,rom1504/img2dataset
arita37,rom1504/img2dataset
Norod,rom1504/img2dataset
rom1504,rom1504/img2dataset
louis030195,rom1504/img2dataset
lasmith,DeepSceneSeg/EfficientPS
LovPe,DeepSceneSeg/EfficientPS
dancebean,DeepSceneSeg/EfficientPS
darylfung96,DeepSceneSeg/EfficientPS
kgoodridge,DeepSceneSeg/EfficientPS
nietras,DeepSceneSeg/EfficientPS
darioxz,DeepSceneSeg/EfficientPS
ajinkyapuar,DeepSceneSeg/EfficientPS
dcyoung,DeepSceneSeg/EfficientPS
seidu626,DeepSceneSeg/EfficientPS
cometyang,DeepSceneSeg/EfficientPS
VikasPatil-GitHub,DeepSceneSeg/EfficientPS
leigh-johnson,DeepSceneSeg/EfficientPS
zishanahmed08,DeepSceneSeg/EfficientPS
zyf12389,DeepSceneSeg/EfficientPS
NoelV94,DeepSceneSeg/EfficientPS
BestSonny,DeepSceneSeg/EfficientPS
fly51fly,DeepSceneSeg/EfficientPS
yyfyan,DeepSceneSeg/EfficientPS
PkuRainBow,DeepSceneSeg/EfficientPS
pingjun18-li,DeepSceneSeg/EfficientPS
xianpf,DeepSceneSeg/EfficientPS
eugenelawrence,DeepSceneSeg/EfficientPS
AnkyoChu,DeepSceneSeg/EfficientPS
lauesa,DeepSceneSeg/EfficientPS
ncilfone,DeepSceneSeg/EfficientPS
Minotaur-CN,DeepSceneSeg/EfficientPS
mihaibujanca,DeepSceneSeg/EfficientPS
vlordier,DeepSceneSeg/EfficientPS
Anikily,DeepSceneSeg/EfficientPS
caoshiyi,modelscope/easydistill
jeremyye614,modelscope/easydistill
nan89888,modelscope/easydistill
SinfraLin,modelscope/easydistill
mstf6661,modelscope/easydistill
crazy0071,modelscope/easydistill
BillyYang323,modelscope/easydistill
sharejing,modelscope/easydistill
Allenfree,modelscope/easydistill
wanjiuheng,modelscope/easydistill
tinyuan-hu,modelscope/easydistill
fanqiNO1,modelscope/easydistill
cabbagewhale,modelscope/easydistill
VinnyHu,modelscope/easydistill
ttliu-kiwi,modelscope/easydistill
Bingyan-Liu,modelscope/easydistill
swzyyds,modelscope/easydistill
KMnO4-zx,modelscope/easydistill
Tonniia,modelscope/easydistill
ztl-35,modelscope/easydistill
lixiaoming233,modelscope/easydistill
hscspring,modelscope/easydistill
pearcry,modelscope/easydistill
TheBloodthirster,modelscope/easydistill
BarryZM,modelscope/easydistill
igorhuang,modelscope/easydistill
retonym,modelscope/easydistill
zouxinyi0625,modelscope/easydistill
mag05270,modelscope/easydistill
chywang,modelscope/easydistill
steinsgilgamesh,swanmatch/MxLEDBitPCB
jakejarvela,swanmatch/MxLEDBitPCB
BlueFortuneCat,swanmatch/MxLEDBitPCB
Hasiy,swanmatch/MxLEDBitPCB
filoxo,swanmatch/MxLEDBitPCB
ntsd,swanmatch/MxLEDBitPCB
ryujisnote,swanmatch/MxLEDBitPCB
mizuho1998,swanmatch/MxLEDBitPCB
Pittyolo,swanmatch/MxLEDBitPCB
usagi,swanmatch/MxLEDBitPCB
gwerbin,swanmatch/MxLEDBitPCB
ekstergans,swanmatch/MxLEDBitPCB
avdcc,swanmatch/MxLEDBitPCB
jojonki,swanmatch/MxLEDBitPCB
willyao94,swanmatch/MxLEDBitPCB
fugounashi,swanmatch/MxLEDBitPCB
jxdowd,swanmatch/MxLEDBitPCB
kohlerm,swanmatch/MxLEDBitPCB
kingtosh,swanmatch/MxLEDBitPCB
deftsp,swanmatch/MxLEDBitPCB
leotumwattana,swanmatch/MxLEDBitPCB
equalunique,swanmatch/MxLEDBitPCB
OkanoShogo0903,swanmatch/MxLEDBitPCB
tikuta,swanmatch/MxLEDBitPCB
tobynet,swanmatch/MxLEDBitPCB
rooa,swanmatch/MxLEDBitPCB
juno,swanmatch/MxLEDBitPCB
keyaki-namiki,swanmatch/MxLEDBitPCB
donfuge,swanmatch/MxLEDBitPCB
elfmimi,swanmatch/MxLEDBitPCB
vigneshv92,eugeneyan/applied-ml
GarciaDelMolino,eugeneyan/applied-ml
adich23,eugeneyan/applied-ml
shrutibhutaiya,eugeneyan/applied-ml
istari7,eugeneyan/applied-ml
Lokeshrathi,eugeneyan/applied-ml
researchase,eugeneyan/applied-ml
shingkid,eugeneyan/applied-ml
khanhnamle1994,eugeneyan/applied-ml
phtan,eugeneyan/applied-ml
ismailuddin,eugeneyan/applied-ml
jbao,eugeneyan/applied-ml
vishnurapps,eugeneyan/applied-ml
marcmuon,eugeneyan/applied-ml
BALaka-18,eugeneyan/applied-ml
Jasminyas,eugeneyan/applied-ml
0xyuzi,eugeneyan/applied-ml
sjnik,eugeneyan/applied-ml
VidyaMS,eugeneyan/applied-ml
katsh00,eugeneyan/applied-ml
aerymilts,eugeneyan/applied-ml
yangxxinyi,eugeneyan/applied-ml
valerielimyh,eugeneyan/applied-ml
mariannetsr,eugeneyan/applied-ml
dhuy228,eugeneyan/applied-ml
eliekawerk,eugeneyan/applied-ml
AdityaSidharta,eugeneyan/applied-ml
segunadelowo,eugeneyan/applied-ml
gczh,eugeneyan/applied-ml
dhrumilpatel02,eugeneyan/applied-ml
ikawaha,milanvarady/Applite
SaburoAkimaru,milanvarady/Applite
avshramko,milanvarady/Applite
Ryan-the-hito,milanvarady/Applite
tuki0918,milanvarady/Applite
NoorBayari,milanvarady/Applite
kadoshita,milanvarady/Applite
korodon,milanvarady/Applite
hiroki,milanvarady/Applite
koinzhang,milanvarady/Applite
marwek,milanvarady/Applite
tadwohlrapp,milanvarady/Applite
dppeak,milanvarady/Applite
jeremystilwell,milanvarady/Applite
Pagliacii,milanvarady/Applite
eurodrew555,milanvarady/Applite
streetturtle,milanvarady/Applite
dominickolbe,milanvarady/Applite
kometenstaub,milanvarady/Applite
AF0577824641,milanvarady/Applite
chrisgrieser,milanvarady/Applite
space-esquire,milanvarady/Applite
AntarticCoder,milanvarady/Applite
patrickwilliams2345,milanvarady/Applite
zarembas,milanvarady/Applite
revunix,milanvarady/Applite
pirasee,milanvarady/Applite
Ajaymamtora,milanvarady/Applite
kingtosh,milanvarady/Applite
Its-Kenta,milanvarady/Applite
khaledmust,khoj-ai/khoj
eyssette,khoj-ai/khoj
DarkBuffalo,khoj-ai/khoj
telotortium,khoj-ai/khoj
peel,khoj-ai/khoj
Nalisarc,khoj-ai/khoj
Maverobot,khoj-ai/khoj
sfischer13,khoj-ai/khoj
4aep,khoj-ai/khoj
LighghtEeloo,khoj-ai/khoj
jhilker98,khoj-ai/khoj
mclearc,khoj-ai/khoj
walseb,khoj-ai/khoj
andras-simonyi,khoj-ai/khoj
jsilve24,khoj-ai/khoj
kilesduli,khoj-ai/khoj
danielfleischer,khoj-ai/khoj
tyxieblub,khoj-ai/khoj
alekssp3,khoj-ai/khoj
komikat,khoj-ai/khoj
wevertonms,khoj-ai/khoj
kap4102,khoj-ai/khoj
yantar92,khoj-ai/khoj
albd,khoj-ai/khoj
sabaimran,khoj-ai/khoj
RomainGehrig,khoj-ai/khoj
jajpater,khoj-ai/khoj
yibie,khoj-ai/khoj
dalanicolai,khoj-ai/khoj
desk7,khoj-ai/khoj
sriharsha0806,edoakes/pipeline-testing
fasiha,jupyter-widgets/ipydatagrid
blink1073,jupyter-widgets/ipydatagrid
sderuiter,jupyter-widgets/ipydatagrid
fly51fly,jupyter-widgets/ipydatagrid
djinnome,jupyter-widgets/ipydatagrid
dalejung,jupyter-widgets/ipydatagrid
amotl,jupyter-widgets/ipydatagrid
mrluanma,jupyter-widgets/ipydatagrid
enricodetoma,jupyter-widgets/ipydatagrid
robmarkcole,jupyter-widgets/ipydatagrid
aitor,jupyter-widgets/ipydatagrid
jtpio,jupyter-widgets/ipydatagrid
flrs,jupyter-widgets/ipydatagrid
joseberlines,jupyter-widgets/ipydatagrid
zmughal,jupyter-widgets/ipydatagrid
nikitavoloboev,jupyter-widgets/ipydatagrid
martinRenou,jupyter-widgets/ipydatagrid
supriyakhandekar,jupyter-widgets/ipydatagrid
mnowacki-b,jupyter-widgets/ipydatagrid
JeffCarpenter,jupyter-widgets/ipydatagrid
bsyouness,jupyter-widgets/ipydatagrid
wolfv,jupyter-widgets/ipydatagrid
ohrely,jupyter-widgets/ipydatagrid
davidbrochart,jupyter-widgets/ipydatagrid
mbektas,jupyter-widgets/ipydatagrid
ClaudiuMihaila,jupyter-widgets/ipydatagrid
cquah,jupyter-widgets/ipydatagrid
ibdafna,jupyter-widgets/ipydatagrid
aschlaep,jupyter-widgets/ipydatagrid
SylvainCorlay,jupyter-widgets/ipydatagrid
PupoSDC,rgoupil/trivia
yshalsager,out386/aria-telegram-mirror-bot
bestpika,out386/aria-telegram-mirror-bot
Genos2000,out386/aria-telegram-mirror-bot
msfjarvis,out386/aria-telegram-mirror-bot
tillcash,out386/aria-telegram-mirror-bot
ZTR23,out386/aria-telegram-mirror-bot
snowdream,out386/aria-telegram-mirror-bot
Michaelvang138,out386/aria-telegram-mirror-bot
hashanant,out386/aria-telegram-mirror-bot
indraskr9,out386/aria-telegram-mirror-bot
Genxster1998,out386/aria-telegram-mirror-bot
nikhilamoon,out386/aria-telegram-mirror-bot
jeffrysurya,out386/aria-telegram-mirror-bot
parvezch,out386/aria-telegram-mirror-bot
Zanark,out386/aria-telegram-mirror-bot
4PERTURE,out386/aria-telegram-mirror-bot
arvs47,out386/aria-telegram-mirror-bot
jashasweejena,out386/aria-telegram-mirror-bot
py7hon,out386/aria-telegram-mirror-bot
Ayushd70,out386/aria-telegram-mirror-bot
ujwalp15,out386/aria-telegram-mirror-bot
anunaym14,out386/aria-telegram-mirror-bot
kaabir,out386/aria-telegram-mirror-bot
chetankatke,out386/aria-telegram-mirror-bot
likeadragonmaid,out386/aria-telegram-mirror-bot
dev-harsh1998,out386/aria-telegram-mirror-bot
Yash-Garg,out386/aria-telegram-mirror-bot
gautamhans1,out386/aria-telegram-mirror-bot
TheStrix,out386/aria-telegram-mirror-bot
zeeshanhussain,out386/aria-telegram-mirror-bot
mlorthiois,pacocoursey/cmdk
suyanhanx,pacocoursey/cmdk
itsabdessalam,pacocoursey/cmdk
Gomah,pacocoursey/cmdk
hopkinschris,pacocoursey/cmdk
ChrisLusted,pacocoursey/cmdk
whl83111,pacocoursey/cmdk
huv1k,pacocoursey/cmdk
CryogenicPlanet,pacocoursey/cmdk
shuding,pacocoursey/cmdk
jasonlong,pacocoursey/cmdk
neuroswish,pacocoursey/cmdk
mzaien,pacocoursey/cmdk
chrisco512,pacocoursey/cmdk
mryechkin,pacocoursey/cmdk
gui-marc,pacocoursey/cmdk
Shein,pacocoursey/cmdk
ganapativs,pacocoursey/cmdk
anthify,pacocoursey/cmdk
eldadcaspi,pacocoursey/cmdk
karanganesan,pacocoursey/cmdk
dgknca,pacocoursey/cmdk
marcbouchenoire,pacocoursey/cmdk
joe-bell,pacocoursey/cmdk
MaximeHeckel,pacocoursey/cmdk
parkerhendo,pacocoursey/cmdk
raunofreiberg,pacocoursey/cmdk
yesmeck,pacocoursey/cmdk
1adray,pacocoursey/cmdk
Itsnotaka,pacocoursey/cmdk
schuylermaclay,XDagger/xdag
charles-sudo,XDagger/xdag
djg3412,XDagger/xdag
Rhime-design,XDagger/xdag
mingrui,XDagger/xdag
sgaragagghu,XDagger/xdag
chenz85,XDagger/xdag
mattbeedle,XDagger/xdag
let5sne,XDagger/xdag
smileweiwei,XDagger/xdag
macstock,XDagger/xdag
manyxu90,XDagger/xdag
taibaiyifeng,XDagger/xdag
Max-Pano,XDagger/xdag
goljl,XDagger/xdag
cugzs,XDagger/xdag
jackliu8722,XDagger/xdag
webersongao,XDagger/xdag
cryschao,XDagger/xdag
arden,XDagger/xdag
jaryhjz,XDagger/xdag
amazingMan2017,XDagger/xdag
leiwenbing,XDagger/xdag
gebitang,XDagger/xdag
benjoyar,XDagger/xdag
Sofarlemineur,XDagger/xdag
scottc-miller,XDagger/xdag
sohotz,XDagger/xdag
quardz,XDagger/xdag
AlexeyAB,XDagger/xdag
guevara,bountysource/core
lyndsysimon,bountysource/core
tlevine,bountysource/core
avalue,bountysource/core
patcon,bountysource/core
doppioslash,bountysource/core
EnTeQuAk,bountysource/core
Wangchao0721,bountysource/core
tito,bountysource/core
lefunes,bountysource/core
balupton,bountysource/core
joeyespo,bountysource/core
skopp,bountysource/core
benqian,bountysource/core
passy,bountysource/core
umaar,bountysource/core
rootslab,bountysource/core
Teemperor,bountysource/core
toobulkeh,bountysource/core
natea,bountysource/core
ganzuul,bountysource/core
corytheboyd,bountysource/core
thailehuy,bountysource/core
Rud5G,bountysource/core
Formator,bountysource/core
ryanlfoster,bountysource/core
OutstandingRocheLimit,bountysource/core
ddm,bountysource/core
nathanathan,bountysource/core
waldyrious,bountysource/core
tasadurian,tidwall/gjson
tikiatua,tidwall/gjson
dewey4iv,tidwall/gjson
regrettably,tidwall/gjson
ronelliott,tidwall/gjson
jzarakas,tidwall/gjson
rogeriomarques,tidwall/gjson
jbarone,tidwall/gjson
Taik,tidwall/gjson
vrecan,tidwall/gjson
yezooz,tidwall/gjson
ThomasDotCodes,tidwall/gjson
arelangi,tidwall/gjson
vtg,tidwall/gjson
jkrajniak,tidwall/gjson
kabukky,tidwall/gjson
cmrajan,tidwall/gjson
luismayta,tidwall/gjson
jamesbjackson,tidwall/gjson
Quenthel,tidwall/gjson
mwildeboer,tidwall/gjson
lawlite,tidwall/gjson
huydx,tidwall/gjson
olurin,tidwall/gjson
pandada8,tidwall/gjson
se77en,tidwall/gjson
aldidana,tidwall/gjson
tuxlinuxien,tidwall/gjson
ninadmhatre,tidwall/gjson
gregzuro,tidwall/gjson
is,dylanebert/gaussian-viewer
tfius,dylanebert/gaussian-viewer
nexuslrf,dylanebert/gaussian-viewer
cpunion,dylanebert/gaussian-viewer
peterponert,dylanebert/gaussian-viewer
LingzheZhao,dylanebert/gaussian-viewer
0xcryptoshark,dylanebert/gaussian-viewer
gm8xx8,dylanebert/gaussian-viewer
willshion,dylanebert/gaussian-viewer
youssefadr,dylanebert/gaussian-viewer
radames,dylanebert/gaussian-viewer
unitycoder,dylanebert/gaussian-viewer
tzmartin,dylanebert/gaussian-viewer
naruya,dylanebert/gaussian-viewer
Alakia,dylanebert/gaussian-viewer
nanki,dylanebert/gaussian-viewer
pfxuan,dylanebert/gaussian-viewer
pablovela5620,dylanebert/gaussian-viewer
unography,dylanebert/gaussian-viewer
osanseviero,dylanebert/gaussian-viewer
chris-aeviator,dylanebert/gaussian-viewer
aboutyy,dylanebert/gaussian-viewer
dmarx,dylanebert/gaussian-viewer
YiChenCityU,dylanebert/gaussian-viewer
billyzelsnack,dylanebert/gaussian-viewer
camenduru,dylanebert/gaussian-viewer
li-zihang,dylanebert/gaussian-viewer
okumura,dylanebert/gaussian-viewer
ihorizons2022,dylanebert/gaussian-viewer
redaready,dylanebert/gaussian-viewer
takahirom,android/compose-samples
khairilushan,android/compose-samples
shoheikawano,android/compose-samples
JoaoPint0,android/compose-samples
MoonWolf125,android/compose-samples
davidfgc,android/compose-samples
iyashamihsan,android/compose-samples
lauro299,android/compose-samples
david-alejandro-reyes-milian,android/compose-samples
wangerekaharun,android/compose-samples
odaridavid,android/compose-samples
oudommeas,android/compose-samples
DroidPulkit,android/compose-samples
oneSIX,android/compose-samples
Foso,android/compose-samples
lukaville,android/compose-samples
sergey-ben,android/compose-samples
arturonaredo,android/compose-samples
etonotieno,android/compose-samples
andkulikov,android/compose-samples
avdim,android/compose-samples
dector,android/compose-samples
lzhang1007,android/compose-samples
the-it-weirdo,android/compose-samples
PatilShreyas,android/compose-samples
TonnyL,android/compose-samples
anunaym14,android/compose-samples
AkshayChordiya,android/compose-samples
Veeshal,android/compose-samples
aperfilyev,android/compose-samples
zyuanbing,dongguanting/In-Context-Learning_PaperList
shuyhere,dongguanting/In-Context-Learning_PaperList
awslsky,dongguanting/In-Context-Learning_PaperList
slyviacassell,dongguanting/In-Context-Learning_PaperList
lsh-ahu,dongguanting/In-Context-Learning_PaperList
mouxingyang,dongguanting/In-Context-Learning_PaperList
feynman1,dongguanting/In-Context-Learning_PaperList
jw1720,dongguanting/In-Context-Learning_PaperList
Provable0816,dongguanting/In-Context-Learning_PaperList
yuyaxiong,dongguanting/In-Context-Learning_PaperList
Kuvvius,dongguanting/In-Context-Learning_PaperList
ZyangLee,dongguanting/In-Context-Learning_PaperList
TomLiao2015,dongguanting/In-Context-Learning_PaperList
zcfinal,dongguanting/In-Context-Learning_PaperList
jiaxiaojunQAQ,dongguanting/In-Context-Learning_PaperList
yijing16,dongguanting/In-Context-Learning_PaperList
jackking2333,dongguanting/In-Context-Learning_PaperList
Chenfeng1271,dongguanting/In-Context-Learning_PaperList
goldentimecoolk,dongguanting/In-Context-Learning_PaperList
wangjiongw,dongguanting/In-Context-Learning_PaperList
tomFoxxxx,dongguanting/In-Context-Learning_PaperList
hihihihiwsf,dongguanting/In-Context-Learning_PaperList
Mr-Potential,dongguanting/In-Context-Learning_PaperList
superhy,dongguanting/In-Context-Learning_PaperList
ae86208,dongguanting/In-Context-Learning_PaperList
yejing678,dongguanting/In-Context-Learning_PaperList
dumpmemory,dongguanting/In-Context-Learning_PaperList
wanicca,dongguanting/In-Context-Learning_PaperList
StarlightDamian,dongguanting/In-Context-Learning_PaperList
guaiyoui,dongguanting/In-Context-Learning_PaperList
MoozIiSP,smearle/gym-city
cpury,smearle/gym-city
APodolskiy,smearle/gym-city
ncarolan,smearle/gym-city
AdMoR,smearle/gym-city
agaier,smearle/gym-city
jankolf,smearle/gym-city
skariel,smearle/gym-city
sjosund,smearle/gym-city
apaillarse,smearle/gym-city
zeristor,smearle/gym-city
junhoyeo,smearle/gym-city
utilForever,smearle/gym-city
taesiri,smearle/gym-city
ptigas,smearle/gym-city
Visgean,smearle/gym-city
zfisher,smearle/gym-city
ludns,smearle/gym-city
will-holley,smearle/gym-city
AI-Guru,smearle/gym-city
branch3,smearle/gym-city
jx22,smearle/gym-city
keskival,smearle/gym-city
SBunce92,smearle/gym-city
junjihashimoto,smearle/gym-city
prince4547,smearle/gym-city
smearle,smearle/gym-city
jcrubino,smearle/gym-city
YesYouKenSpace,smearle/gym-city
dianarg,smearle/gym-city
makeding,memtest86plus/memtest86plus
dechomles,memtest86plus/memtest86plus
b1b2b4,memtest86plus/memtest86plus
casungo,memtest86plus/memtest86plus
notylou,memtest86plus/memtest86plus
z8kh8E6t-rEv62qT7,memtest86plus/memtest86plus
Rovever,memtest86plus/memtest86plus
a1ive,memtest86plus/memtest86plus
Trumeet,memtest86plus/memtest86plus
VCStardust,memtest86plus/memtest86plus
wswongat,memtest86plus/memtest86plus
cagev,memtest86plus/memtest86plus
avignat,memtest86plus/memtest86plus
sashkab,memtest86plus/memtest86plus
Saruspete,memtest86plus/memtest86plus
inickt,memtest86plus/memtest86plus
Doomer23407,memtest86plus/memtest86plus
MalteP,memtest86plus/memtest86plus
markpash,memtest86plus/memtest86plus
speakxj7,memtest86plus/memtest86plus
pbeyssac,memtest86plus/memtest86plus
Yanuut,memtest86plus/memtest86plus
fragbyte,memtest86plus/memtest86plus
NunzioArdi,memtest86plus/memtest86plus
guilhem,memtest86plus/memtest86plus
williamdes,memtest86plus/memtest86plus
MaxSonicDev,memtest86plus/memtest86plus
bensuperpc,memtest86plus/memtest86plus
romheu,memtest86plus/memtest86plus
gaetanlhf,memtest86plus/memtest86plus
zubi9,ImagineAILab/ai-by-hand-excel
pardogato,ImagineAILab/ai-by-hand-excel
JTM01123,ImagineAILab/ai-by-hand-excel
raghs7,ImagineAILab/ai-by-hand-excel
mahamatnoumai,ImagineAILab/ai-by-hand-excel
luisfilipeap,ImagineAILab/ai-by-hand-excel
abd-als,ImagineAILab/ai-by-hand-excel
MichaelFG,ImagineAILab/ai-by-hand-excel
mishra-tapas,ImagineAILab/ai-by-hand-excel
nikhilkomakula,ImagineAILab/ai-by-hand-excel
Jbonomo38,ImagineAILab/ai-by-hand-excel
KingPeter83,ImagineAILab/ai-by-hand-excel
sergiopichardo,ImagineAILab/ai-by-hand-excel
dikiprawisuda,ImagineAILab/ai-by-hand-excel
jptrepo,ImagineAILab/ai-by-hand-excel
tineware,ImagineAILab/ai-by-hand-excel
kdqemre,ImagineAILab/ai-by-hand-excel
Tr0000,ImagineAILab/ai-by-hand-excel
popofibo,ImagineAILab/ai-by-hand-excel
kudosscience,ImagineAILab/ai-by-hand-excel
stjordanis,ImagineAILab/ai-by-hand-excel
Vijaykumar1614sk,ImagineAILab/ai-by-hand-excel
zichunxx,ImagineAILab/ai-by-hand-excel
hkazuakey,ImagineAILab/ai-by-hand-excel
davzarov,ImagineAILab/ai-by-hand-excel
vanguard737,ImagineAILab/ai-by-hand-excel
xuehongzhi,ImagineAILab/ai-by-hand-excel
MartinsAwojide,ImagineAILab/ai-by-hand-excel
sergiocordon,ImagineAILab/ai-by-hand-excel
neotwix,ImagineAILab/ai-by-hand-excel
Nuttyskinke,manyfold3d/manyfold
LightMaster001,manyfold3d/manyfold
bobsteva,manyfold3d/manyfold
SBado,manyfold3d/manyfold
phedders,manyfold3d/manyfold
Modzor13,manyfold3d/manyfold
lloydpick,manyfold3d/manyfold
Taubin,manyfold3d/manyfold
digitalw00t,manyfold3d/manyfold
rileytb,manyfold3d/manyfold
Arson31,manyfold3d/manyfold
haudankaivajasi,manyfold3d/manyfold
firstchrono,manyfold3d/manyfold
ZacharyJSmit,manyfold3d/manyfold
shimizurei,manyfold3d/manyfold
neilcamilleri,manyfold3d/manyfold
phillhendry,manyfold3d/manyfold
HebelHuber,manyfold3d/manyfold
TheFeshy,manyfold3d/manyfold
numbermonkey,manyfold3d/manyfold
esting-FCP,manyfold3d/manyfold
truger44,manyfold3d/manyfold
agnosticlines,manyfold3d/manyfold
MOD4EVER,manyfold3d/manyfold
PhuriousGeorge,manyfold3d/manyfold
Kirtai,manyfold3d/manyfold
JesseRigon,manyfold3d/manyfold
Meldanor,manyfold3d/manyfold
erbridge,manyfold3d/manyfold
jbmorley,manyfold3d/manyfold
lipsumar,ryanburgess/engineer-manager
imcrthy,ryanburgess/engineer-manager
vixentael,ryanburgess/engineer-manager
gabovanlugo,ryanburgess/engineer-manager
markcerqueira,ryanburgess/engineer-manager
kirillzh,ryanburgess/engineer-manager
aarongreenlee,ryanburgess/engineer-manager
thedrewbisset,ryanburgess/engineer-manager
codegoalie,ryanburgess/engineer-manager
ThaneshR,ryanburgess/engineer-manager
MadebyAe,ryanburgess/engineer-manager
BenjaminRCooper,ryanburgess/engineer-manager
saadshahd,ryanburgess/engineer-manager
derekr,ryanburgess/engineer-manager
joemcmahon,ryanburgess/engineer-manager
jaredthecoder,ryanburgess/engineer-manager
satnami,ryanburgess/engineer-manager
espnicholas,ryanburgess/engineer-manager
strayduy,ryanburgess/engineer-manager
mridgway,ryanburgess/engineer-manager
sergiocruz,ryanburgess/engineer-manager
ricardotk002,ryanburgess/engineer-manager
aripalo,ryanburgess/engineer-manager
augbog,ryanburgess/engineer-manager
nbar1,ryanburgess/engineer-manager
jtuulos,ryanburgess/engineer-manager
bitfyre,ryanburgess/engineer-manager
hswolff,ryanburgess/engineer-manager
rix501,ryanburgess/engineer-manager
ryanburgess,ryanburgess/engineer-manager
hedgeleft,bmoscon/cryptofeed
DennyZen,bmoscon/cryptofeed
nayefc,bmoscon/cryptofeed
49Tg8HdTLro9ZNBYrPxyHUPJ4g2dpbZh7dtrz76,bmoscon/cryptofeed
thdaraujo,bmoscon/cryptofeed
dkozlov,bmoscon/cryptofeed
rockyfullerton,bmoscon/cryptofeed
dcimring,bmoscon/cryptofeed
arch0n,bmoscon/cryptofeed
rizplate,bmoscon/cryptofeed
esneko,bmoscon/cryptofeed
sixteen,bmoscon/cryptofeed
eliquinox,bmoscon/cryptofeed
rozha,bmoscon/cryptofeed
aaguilerav,bmoscon/cryptofeed
ssim1201,bmoscon/cryptofeed
thibautx,bmoscon/cryptofeed
jamiepg20,bmoscon/cryptofeed
javajenks,bmoscon/cryptofeed
mjried,bmoscon/cryptofeed
brynjarh,bmoscon/cryptofeed
DandiestSquare1,bmoscon/cryptofeed
MarechJ,bmoscon/cryptofeed
wpank,bmoscon/cryptofeed
cstevens1,bmoscon/cryptofeed
cadmannn,bmoscon/cryptofeed
cryptokitteh,bmoscon/cryptofeed
jheusser,bmoscon/cryptofeed
Waxavi,bmoscon/cryptofeed
gavincyi,bmoscon/cryptofeed
jamesparsloe,louaaron/Score-Entropy-Discrete-Diffusion
mbordyuh,louaaron/Score-Entropy-Discrete-Diffusion
DevSinghSachan,louaaron/Score-Entropy-Discrete-Diffusion
ochafik,louaaron/Score-Entropy-Discrete-Diffusion
JCBrouwer,louaaron/Score-Entropy-Discrete-Diffusion
Banguiskode,louaaron/Score-Entropy-Discrete-Diffusion
pietrolesci,louaaron/Score-Entropy-Discrete-Diffusion
seastar105,louaaron/Score-Entropy-Discrete-Diffusion
shoutong,louaaron/Score-Entropy-Discrete-Diffusion
salomartin,louaaron/Score-Entropy-Discrete-Diffusion
max-andr,louaaron/Score-Entropy-Discrete-Diffusion
gradetwo,louaaron/Score-Entropy-Discrete-Diffusion
w-hc,louaaron/Score-Entropy-Discrete-Diffusion
aashiqmuhamed,louaaron/Score-Entropy-Discrete-Diffusion
dumpmemory,louaaron/Score-Entropy-Discrete-Diffusion
zigforge,louaaron/Score-Entropy-Discrete-Diffusion
NieShenRuc,louaaron/Score-Entropy-Discrete-Diffusion
zichaow,louaaron/Score-Entropy-Discrete-Diffusion
win10ogod,louaaron/Score-Entropy-Discrete-Diffusion
oussamajabnouni,louaaron/Score-Entropy-Discrete-Diffusion
antferdom,louaaron/Score-Entropy-Discrete-Diffusion
cfoster0,louaaron/Score-Entropy-Discrete-Diffusion
jinnsp,louaaron/Score-Entropy-Discrete-Diffusion
elyxlz,louaaron/Score-Entropy-Discrete-Diffusion
kevineen,louaaron/Score-Entropy-Discrete-Diffusion
TimeLovercc,louaaron/Score-Entropy-Discrete-Diffusion
SmashinFries,louaaron/Score-Entropy-Discrete-Diffusion
HuuDatDo,louaaron/Score-Entropy-Discrete-Diffusion
guillaumehu,louaaron/Score-Entropy-Discrete-Diffusion
294coder,louaaron/Score-Entropy-Discrete-Diffusion
bunelr,pytorch/pytorch
dargor,pytorch/pytorch
jekbradbury,pytorch/pytorch
bamos,pytorch/pytorch
JimmyWhitaker,pytorch/pytorch
satwikkottur,pytorch/pytorch
alykhantejani,pytorch/pytorch
SeanNaren,pytorch/pytorch
edouardoyallon,pytorch/pytorch
edouardelasalles,pytorch/pytorch
fmassa,pytorch/pytorch
bmccann,pytorch/pytorch
rtqichen,pytorch/pytorch
ankurhanda,pytorch/pytorch
eladhoffer,pytorch/pytorch
jcjohnson,pytorch/pytorch
yangyi02,pytorch/pytorch
jayanthkoushik,pytorch/pytorch
MaximumEntropy,pytorch/pytorch
cvondrick,pytorch/pytorch
Maratyszcza,pytorch/pytorch
0mp,pytorch/pytorch
nicholas-leonard,pytorch/pytorch
korymath,pytorch/pytorch
ajabri,pytorch/pytorch
clementfarabet,pytorch/pytorch
hmansell,pytorch/pytorch
bshillingford,pytorch/pytorch
iassael,pytorch/pytorch
alexbw,pytorch/pytorch
ms88privat,tombonez/noTunes
dmitriyK1,tombonez/noTunes
ikhsanalatsary,tombonez/noTunes
kgaughan,tombonez/noTunes
Philokane,tombonez/noTunes
brianvanburken,tombonez/noTunes
kpj,tombonez/noTunes
royaso,tombonez/noTunes
elstgav,tombonez/noTunes
marklabenski,tombonez/noTunes
GautierT,tombonez/noTunes
asmod3us,tombonez/noTunes
ewok-old,tombonez/noTunes
rydgeback,tombonez/noTunes
ShawnCorey,tombonez/noTunes
Shekomaru,tombonez/noTunes
Sevenon7,tombonez/noTunes
misha-tgshv,tombonez/noTunes
hechtechic,tombonez/noTunes
rtdaly,tombonez/noTunes
denji,tombonez/noTunes
bfolberth,tombonez/noTunes
narciszait,tombonez/noTunes
jeanpimentel,tombonez/noTunes
salmanulfarzy,tombonez/noTunes
johnjcsmith,tombonez/noTunes
marceltt,tombonez/noTunes
yeldarby,tombonez/noTunes
dotWee,tombonez/noTunes
cesarferreira,tombonez/noTunes
HaraShun,vccw-team/vccw
gorou-178,vccw-team/vccw
1shiharat,vccw-team/vccw
ApricotHoney,vccw-team/vccw
sumlibe,vccw-team/vccw
Ikaring,vccw-team/vccw
kozaru,vccw-team/vccw
fprg,vccw-team/vccw
snize,vccw-team/vccw
torounit,vccw-team/vccw
prosection,vccw-team/vccw
Webnist,vccw-team/vccw
nojimage,vccw-team/vccw
komacha,vccw-team/vccw
show555,vccw-team/vccw
gatespace,vccw-team/vccw
junichi11,vccw-team/vccw
tomotomo,vccw-team/vccw
taqumi,vccw-team/vccw
hanamura,vccw-team/vccw
shin1x1,vccw-team/vccw
kazu69,vccw-team/vccw
hatch2,vccw-team/vccw
kamiyam,vccw-team/vccw
raomito,vccw-team/vccw
nakamoto-bren,vccw-team/vccw
hanachin,vccw-team/vccw
waviaei,vccw-team/vccw
megane9988,vccw-team/vccw
moritaku,vccw-team/vccw
davidwebca,htmlburger/wpemerge
ManUtopiK,htmlburger/wpemerge
ffoodd,htmlburger/wpemerge
clementbiron,htmlburger/wpemerge
edwinsiebel,htmlburger/wpemerge
broskees,htmlburger/wpemerge
sandrodz,htmlburger/wpemerge
mindfullsilence,htmlburger/wpemerge
karex,htmlburger/wpemerge
DimaMinka,htmlburger/wpemerge
jonwaldstein,htmlburger/wpemerge
jolusadev,htmlburger/wpemerge
RadoslavGeorgiev,htmlburger/wpemerge
oobi,htmlburger/wpemerge
diegocoxta,htmlburger/wpemerge
runofthemill,htmlburger/wpemerge
simeon-zhelev,htmlburger/wpemerge
kaisermann,htmlburger/wpemerge
QWp6t,htmlburger/wpemerge
knowler,htmlburger/wpemerge
danimalweb,htmlburger/wpemerge
m1r0,htmlburger/wpemerge
iwillhappy1314,htmlburger/wpemerge
yooka102,htmlburger/wpemerge
jiceb,htmlburger/wpemerge
proweb,htmlburger/wpemerge
hellosiyan,htmlburger/wpemerge
mimosafa,htmlburger/wpemerge
loststudios,htmlburger/wpemerge
emohamed,htmlburger/wpemerge
mrgnw,isaac-mcfadyen/d1-jdbc-driver
jabinb,isaac-mcfadyen/d1-jdbc-driver
vikim540,isaac-mcfadyen/d1-jdbc-driver
nakagawa-satoya,isaac-mcfadyen/d1-jdbc-driver
fbrettnich,isaac-mcfadyen/d1-jdbc-driver
joaopaulodotbs,isaac-mcfadyen/d1-jdbc-driver
smallshen,isaac-mcfadyen/d1-jdbc-driver
digizeph,isaac-mcfadyen/d1-jdbc-driver
G4brym,isaac-mcfadyen/d1-jdbc-driver
xissy,isaac-mcfadyen/d1-jdbc-driver
diogoalexsmachado,isaac-mcfadyen/d1-jdbc-driver
osaton,isaac-mcfadyen/d1-jdbc-driver
christopher-haueter,isaac-mcfadyen/d1-jdbc-driver
kimihito,isaac-mcfadyen/d1-jdbc-driver
leaysgur,isaac-mcfadyen/d1-jdbc-driver
ohmdob,isaac-mcfadyen/d1-jdbc-driver
auguwu,isaac-mcfadyen/d1-jdbc-driver
yusukebe,isaac-mcfadyen/d1-jdbc-driver
nosovk,isaac-mcfadyen/d1-jdbc-driver
juliomrqz,isaac-mcfadyen/d1-jdbc-driver
hkochniss,isaac-mcfadyen/d1-jdbc-driver
kripod,isaac-mcfadyen/d1-jdbc-driver
tobiasfoerg,isaac-mcfadyen/d1-jdbc-driver
GTB3NW,isaac-mcfadyen/d1-jdbc-driver
Yrlish,isaac-mcfadyen/d1-jdbc-driver
KianNH,isaac-mcfadyen/d1-jdbc-driver
justinnoel,isaac-mcfadyen/d1-jdbc-driver
kotx,isaac-mcfadyen/d1-jdbc-driver
Erisa,isaac-mcfadyen/d1-jdbc-driver
Cherry,isaac-mcfadyen/d1-jdbc-driver
vyorkin,NixOS/nix-idea
baig,NixOS/nix-idea
ajs124,NixOS/nix-idea
JohnAZoidberg,NixOS/nix-idea
Brettm12345,NixOS/nix-idea
llazzaro,NixOS/nix-idea
sir4ur0n,NixOS/nix-idea
murdos,NixOS/nix-idea
Surfndez,NixOS/nix-idea
bastiion,NixOS/nix-idea
boapps,NixOS/nix-idea
cedricziel,NixOS/nix-idea
baracoder,NixOS/nix-idea
boronine,NixOS/nix-idea
chris-martin,NixOS/nix-idea
weiland,NixOS/nix-idea
lihop,NixOS/nix-idea
Litarvan,NixOS/nix-idea
jbboehr,NixOS/nix-idea
EisRint,NixOS/nix-idea
Josh-Tilles,NixOS/nix-idea
hectorj,NixOS/nix-idea
moaxcp,NixOS/nix-idea
GauthierPLM,NixOS/nix-idea
wayofthepie,NixOS/nix-idea
xxcutekrnguhxx,NixOS/nix-idea
AbigailBuccaneer,NixOS/nix-idea
manandbytes,NixOS/nix-idea
Newlifer,NixOS/nix-idea
djvdorp,NixOS/nix-idea
julias-shaw,Automattic/_s
cognitom,Automattic/_s
bradybd,Automattic/_s
macsf,Automattic/_s
lpirola,Automattic/_s
program247365,Automattic/_s
jjcall,Automattic/_s
iamjohnford,Automattic/_s
joernba,Automattic/_s
sdevore,Automattic/_s
yoren,Automattic/_s
boblmartens,Automattic/_s
erunyon,Automattic/_s
jamesking,Automattic/_s
hugocf,Automattic/_s
tag,Automattic/_s
samuellavoie,Automattic/_s
mudiarto,Automattic/_s
windhamdavid,Automattic/_s
natebird,Automattic/_s
jlahijani,Automattic/_s
dingyi,Automattic/_s
pfefferle,Automattic/_s
webmat,Automattic/_s
mjc,Automattic/_s
durdn,Automattic/_s
clawfire,Automattic/_s
olivM,Automattic/_s
evs,Automattic/_s
cmonelt,Automattic/_s
davidldennison,LesFerch/FileDialog
rtdaly,LesFerch/FileDialog
boydfields,LesFerch/FileDialog
13584452567,LesFerch/FileDialog
mouzei,LesFerch/FileDialog
kronuschan,LesFerch/FileDialog
turdfire,LesFerch/FileDialog
immateria,LesFerch/FileDialog
Thysbelon,LesFerch/FileDialog
Osmiridium,LesFerch/FileDialog
Clasurol,LesFerch/FileDialog
DoCode,LesFerch/FileDialog
bitsper2nd,LesFerch/FileDialog
dcgithub,LesFerch/FileDialog
afragen,kovshenin/surge
xdevelx,kovshenin/surge
ihorvorotnov,kovshenin/surge
nicolinuxfr,kovshenin/surge
ryandonsullivan,kovshenin/surge
soderlind,kovshenin/surge
pdewouters,kovshenin/surge
s3rgiosan,kovshenin/surge
petrozavodsky,kovshenin/surge
arijuki,kovshenin/surge
avdhut86,kovshenin/surge
Soean,kovshenin/surge
ValeriiVasyliev,kovshenin/surge
johneatmon,kovshenin/surge
alamin-php,kovshenin/surge
hasinhayder,kovshenin/surge
obiPlabon,kovshenin/surge
sebiko3,kovshenin/surge
lukecav,kovshenin/surge
aiiddqd,kovshenin/surge
antonlukin,kovshenin/surge
oleg-valko-pro,kovshenin/surge
Hlopec,kovshenin/surge
acerus,kovshenin/surge
mihdan,kovshenin/surge
kagg-design,kovshenin/surge
foralien,kovshenin/surge
zevilz,kovshenin/surge
leonstafford,kovshenin/surge
DimaMinka,kovshenin/surge
davidldennison,EvotecIT/PSWordPress
NKofod,EvotecIT/PSWordPress
jtst1,EvotecIT/PSWordPress
techris45,EvotecIT/PSWordPress
adzero,EvotecIT/PSWordPress
codepydog,icip-cas/PPTAgent
yodanote,icip-cas/PPTAgent
tristan-mcinnis,icip-cas/PPTAgent
leonall,icip-cas/PPTAgent
higanand,icip-cas/PPTAgent
chenjiawei30,icip-cas/PPTAgent
WangXuCh,icip-cas/PPTAgent
mjdi,icip-cas/PPTAgent
saivig,icip-cas/PPTAgent
aaronqzc,icip-cas/PPTAgent
svjack,icip-cas/PPTAgent
Sherlockouo,icip-cas/PPTAgent
ThorFuchs,icip-cas/PPTAgent
helldragon,icip-cas/PPTAgent
nopgigxr,icip-cas/PPTAgent
DBDYHR,icip-cas/PPTAgent
rmusser01,icip-cas/PPTAgent
Kouuh,icip-cas/PPTAgent
Reza2kn,icip-cas/PPTAgent
Swipe4057,icip-cas/PPTAgent
harikrishnad1997,icip-cas/PPTAgent
jiaxin-ustc,icip-cas/PPTAgent
TGLTommy,icip-cas/PPTAgent
yotamnahum,icip-cas/PPTAgent
luyaojie,icip-cas/PPTAgent
DongSky,icip-cas/PPTAgent
ulysses-ck,icip-cas/PPTAgent
gm8xx8,icip-cas/PPTAgent
timegate,icip-cas/PPTAgent
xiaohaochen0308,icip-cas/PPTAgent
run-ze,anyproto/anytype-ts
AliMehdii,anyproto/anytype-ts
jon4hz,anyproto/anytype-ts
Mrxx99,anyproto/anytype-ts
slienau,anyproto/anytype-ts
agichim,anyproto/anytype-ts
flame-0,anyproto/anytype-ts
kar7hik,anyproto/anytype-ts
polo4096,anyproto/anytype-ts
uburoiubu,anyproto/anytype-ts
Inalegwu,anyproto/anytype-ts
oozeRyze,anyproto/anytype-ts
HeJiachen-PM,anyproto/anytype-ts
astrojarred,anyproto/anytype-ts
djsime1,anyproto/anytype-ts
adufr,anyproto/anytype-ts
JVariance,anyproto/anytype-ts
sabsare,anyproto/anytype-ts
andersmmg,anyproto/anytype-ts
deff7,anyproto/anytype-ts
HypnosCicero,anyproto/anytype-ts
WRXinYue,anyproto/anytype-ts
maliut,anyproto/anytype-ts
alexanderschau,anyproto/anytype-ts
sabgaby,anyproto/anytype-ts
Lite5h4dow,anyproto/anytype-ts
Gentleman03,anyproto/anytype-ts
jmetrikat,anyproto/anytype-ts
Devoty,anyproto/anytype-ts
keng42,anyproto/anytype-ts
Sitronik,posva/unplugin-vue-router
gokhantaskan,posva/unplugin-vue-router
Trojan0523,posva/unplugin-vue-router
hasinhayder,posva/unplugin-vue-router
LoTwT,posva/unplugin-vue-router
markthree,posva/unplugin-vue-router
sadeghbarati,posva/unplugin-vue-router
KarlitosD,posva/unplugin-vue-router
wheatjs,posva/unplugin-vue-router
Borrus-sudo,posva/unplugin-vue-router
ModyQyW,posva/unplugin-vue-router
xchanmolx,posva/unplugin-vue-router
fansenze,posva/unplugin-vue-router
zouhangwithsweet,posva/unplugin-vue-router
hannoeru,posva/unplugin-vue-router
bushuai,posva/unplugin-vue-router
yamanoku,posva/unplugin-vue-router
odanado,posva/unplugin-vue-router
monsat,posva/unplugin-vue-router
marcelohmdias,posva/unplugin-vue-router
sagsagg,posva/unplugin-vue-router
luciorubeens,posva/unplugin-vue-router
kazupon,posva/unplugin-vue-router
eggplantiny,posva/unplugin-vue-router
yangss3,posva/unplugin-vue-router
leonardssh,posva/unplugin-vue-router
dan-candeira,posva/unplugin-vue-router
makhweeb,posva/unplugin-vue-router
wobsoriano,posva/unplugin-vue-router
dammy001,posva/unplugin-vue-router
bl0ndeYetti,cased/kit
hoagy-davis-digges,cased/kit
cpsloal,cased/kit
abstraction,cased/kit
ybadk,cased/kit
bgyss,cased/kit
bionicles,cased/kit
nathabonfim59,cased/kit
benpixel,cased/kit
ianpaul10,cased/kit
floresjacob,cased/kit
vvonchain,cased/kit
cjmalloy,cased/kit
prafullkotecha,cased/kit
jiweiyuan,cased/kit
tonyd3,cased/kit
CyrusNuevoDia,cased/kit
connors,cased/kit
thomasklemm,cased/kit
faddy19,cased/kit
heyalchang,cased/kit
24601,cased/kit
christopherhwood,cased/kit
denisfitz57,cased/kit
baell,cased/kit
jerry-halluminate,cased/kit
areibman,cased/kit
jeffchuber,cased/kit
HammadB,cased/kit
gztomas,cased/kit
IFICL,cvlab-columbia/viper
puppet101,cvlab-columbia/viper
jd-hernandez,cvlab-columbia/viper
ggsonic,cvlab-columbia/viper
ghishadow,cvlab-columbia/viper
wudi-alex,cvlab-columbia/viper
nikitavoloboev,cvlab-columbia/viper
oemdaro,cvlab-columbia/viper
Maxim-Filimonov,cvlab-columbia/viper
ywcmaike,cvlab-columbia/viper
kuromadara,cvlab-columbia/viper
windar427,cvlab-columbia/viper
To-jak,cvlab-columbia/viper
leslyarun,cvlab-columbia/viper
coco2sun,cvlab-columbia/viper
PrinceP,cvlab-columbia/viper
cyrildiagne,cvlab-columbia/viper
wavy-jung,cvlab-columbia/viper
wovai,cvlab-columbia/viper
foggy-frost-forest,cvlab-columbia/viper
achuthasubhash,cvlab-columbia/viper
behroozazarkhalili,cvlab-columbia/viper
aieveryday,cvlab-columbia/viper
IkumaUchida,cvlab-columbia/viper
amadeuzou,cvlab-columbia/viper
rorypeck,cvlab-columbia/viper
shyamsn97,cvlab-columbia/viper
taesiri,cvlab-columbia/viper
francqz31,cvlab-columbia/viper
surisdi,cvlab-columbia/viper
sadeghbarati,motiondivision/motion-vscode
wmaurer,motiondivision/motion-vscode
id-2,motiondivision/motion-vscode
markmals,motiondivision/motion-vscode
level7in,motiondivision/motion-vscode
MrHeer,motiondivision/motion-vscode
ronnielsajol,motiondivision/motion-vscode
rick-hup,motiondivision/motion-vscode
jvgomg,motiondivision/motion-vscode
Khanhtran47,motiondivision/motion-vscode
jonathanmdavies,motiondivision/motion-vscode
zaidmukaddam,motiondivision/motion-vscode
khang-nd,motiondivision/motion-vscode
amcdnl,motiondivision/motion-vscode
wkylin,motiondivision/motion-vscode
kangju2000,motiondivision/motion-vscode
tallytarik,SRv6d/rpsl-rs
theduke,SRv6d/rpsl-rs
FeurJak,SRv6d/rpsl-rs
senthil28,SRv6d/rpsl-rs
trustywolf,SRv6d/rpsl-rs
matthieugouel,SRv6d/rpsl-rs
digizeph,SRv6d/rpsl-rs
codeadict,SRv6d/rpsl-rs
NotM32,SRv6d/rpsl-rs
ellieschieder,SRv6d/rpsl-rs
ties,SRv6d/rpsl-rs
SRv6d,SRv6d/rpsl-rs
ffps,SRv6d/rpsl-rs
osynge,SRv6d/rpsl-rs
ZaneA,jhurliman/node-rate-limiter
luto,jhurliman/node-rate-limiter
skyllo,jhurliman/node-rate-limiter
r8k,jhurliman/node-rate-limiter
sdogruyol,jhurliman/node-rate-limiter
sdether,jhurliman/node-rate-limiter
jdpaton,jhurliman/node-rate-limiter
laktak,jhurliman/node-rate-limiter
berstend,jhurliman/node-rate-limiter
desbouis,jhurliman/node-rate-limiter
euskode,jhurliman/node-rate-limiter
jmstout,jhurliman/node-rate-limiter
Unitech,jhurliman/node-rate-limiter
KarbonDallas,jhurliman/node-rate-limiter
gfranko,jhurliman/node-rate-limiter
mitar,jhurliman/node-rate-limiter
mwawrusch,jhurliman/node-rate-limiter
JamesMGreene,jhurliman/node-rate-limiter
rborn,jhurliman/node-rate-limiter
kcollasarundell,jhurliman/node-rate-limiter
netconstructor,jhurliman/node-rate-limiter
mhart,jhurliman/node-rate-limiter
KidkArolis,jhurliman/node-rate-limiter
gwil,jhurliman/node-rate-limiter
chamerling,jhurliman/node-rate-limiter
iskedk,jhurliman/node-rate-limiter
jhurliman,jhurliman/node-rate-limiter
billywhizz,jhurliman/node-rate-limiter
anismiles,jhurliman/node-rate-limiter
cheeaun,jhurliman/node-rate-limiter
octo47,OpenHFT/Chronicle-Queue
szhem,OpenHFT/Chronicle-Queue
lburgazzoli,OpenHFT/Chronicle-Queue
tmrkus,OpenHFT/Chronicle-Queue
mrniko,OpenHFT/Chronicle-Queue
efi,OpenHFT/Chronicle-Queue
sortakool,OpenHFT/Chronicle-Queue
rnella01,OpenHFT/Chronicle-Queue
gmosx,OpenHFT/Chronicle-Queue
jamie-walker,OpenHFT/Chronicle-Queue
plokhotnyuk,OpenHFT/Chronicle-Queue
pmorelli,OpenHFT/Chronicle-Queue
fernandoracca,OpenHFT/Chronicle-Queue
arzyc,OpenHFT/Chronicle-Queue
shaktisd,OpenHFT/Chronicle-Queue
vidakovic,OpenHFT/Chronicle-Queue
iuliandumitru,OpenHFT/Chronicle-Queue
ThierryAbalea,OpenHFT/Chronicle-Queue
panterose,OpenHFT/Chronicle-Queue
dlucek,OpenHFT/Chronicle-Queue
kevind7,OpenHFT/Chronicle-Queue
jestan,OpenHFT/Chronicle-Queue
thierry-b,OpenHFT/Chronicle-Queue
intltechventures,OpenHFT/Chronicle-Queue
platala,OpenHFT/Chronicle-Queue
jorgheymans,OpenHFT/Chronicle-Queue
mvreg,OpenHFT/Chronicle-Queue
pron,OpenHFT/Chronicle-Queue
AshwinJay,OpenHFT/Chronicle-Queue
marm5r,OpenHFT/Chronicle-Queue
moarychan,ASSERT-KTH/repairbench
seowchiayi,ASSERT-KTH/repairbench
kcxain,ASSERT-KTH/repairbench
BFergerson,ASSERT-KTH/repairbench
id-2,ASSERT-KTH/repairbench
wudi-alex,ASSERT-KTH/repairbench
MrBenzWorld,ASSERT-KTH/repairbench
alexlucky6,ASSERT-KTH/repairbench
andre15silva,ASSERT-KTH/repairbench
TomasAndersonFang,ASSERT-KTH/repairbench
JoshZA,ASSERT-KTH/repairbench
manV,coder/code-server
winzig,coder/code-server
omega-takai,coder/code-server
erobertsme,coder/code-server
notedit,coder/code-server
CallumJHays,coder/code-server
oqkr,coder/code-server
amilajack,coder/code-server
fukata,coder/code-server
leetrout,coder/code-server
cary205,coder/code-server
ceau,coder/code-server
pyraxo,coder/code-server
nhooyr,coder/code-server
1shiharat,coder/code-server
maudrit,coder/code-server
jaentwistle,coder/code-server
nol166,coder/code-server
MichaelDesantis,coder/code-server
MegaBlackLabel,coder/code-server
HattoriAkihisa,coder/code-server
deansheather,coder/code-server
p4rkrs,coder/code-server
ngruenwald,coder/code-server
sreya,coder/code-server
ammario,coder/code-server
jhalek90,coder/code-server
coadler,coder/code-server
nathanpotter,coder/code-server
scsmithr,coder/code-server
MaddXav,falkTX/Carla
agraef,falkTX/Carla
programLyrique,falkTX/Carla
doesdev,falkTX/Carla
dsheeler,falkTX/Carla
grejppi,falkTX/Carla
shovon,falkTX/Carla
MartyLake,falkTX/Carla
leofiore,falkTX/Carla
zamaudio,falkTX/Carla
stragu,falkTX/Carla
laanwj,falkTX/Carla
muusik,falkTX/Carla
AndiDC,falkTX/Carla
AndiEcker,falkTX/Carla
yPhil-gh,falkTX/Carla
rarthur,falkTX/Carla
acrisci,falkTX/Carla
fabiencastan,falkTX/Carla
drumusician,falkTX/Carla
rock-hopper,falkTX/Carla
ylepaih,falkTX/Carla
wvengen,falkTX/Carla
PhE,falkTX/Carla
DoosC,falkTX/Carla
looplog,falkTX/Carla
cocreature,falkTX/Carla
weirdpercent,falkTX/Carla
wolftune,falkTX/Carla
fundamental,falkTX/Carla
dubrousky,dvjdjvu/gitReposDownloader
tm-pieman,dvjdjvu/gitReposDownloader
bonvech,dvjdjvu/gitReposDownloader
calipzo,dvjdjvu/gitReposDownloader
nnick44,dvjdjvu/gitReposDownloader
Lazyt3ch,dvjdjvu/gitReposDownloader
ring404,dvjdjvu/gitReposDownloader
danjahjah,dvjdjvu/gitReposDownloader
petrozavodsky,dvjdjvu/gitReposDownloader
webup,topoteretes/awesome-ai-memory
dengxingwang1,topoteretes/awesome-ai-memory
yli397,topoteretes/awesome-ai-memory
evdcush,topoteretes/awesome-ai-memory
alajay,topoteretes/awesome-ai-memory
lliang2003,topoteretes/awesome-ai-memory
echoxiangzhou,topoteretes/awesome-ai-memory
scrambled2,topoteretes/awesome-ai-memory
savanvyas,topoteretes/awesome-ai-memory
fabiantax,topoteretes/awesome-ai-memory
shivswami,topoteretes/awesome-ai-memory
PrabhuKiran8790,topoteretes/awesome-ai-memory
mythic3011,topoteretes/awesome-ai-memory
tomchapin,topoteretes/awesome-ai-memory
MarkusOdenthal,topoteretes/awesome-ai-memory
omarsar,topoteretes/awesome-ai-memory
tagyro,topoteretes/awesome-ai-memory
danmindru,topoteretes/awesome-ai-memory
hande-k,topoteretes/awesome-ai-memory
dantodor,topoteretes/awesome-ai-memory
nicor88,topoteretes/awesome-ai-memory
orangeelephant2013,topoteretes/awesome-ai-memory
borisarzentar,topoteretes/awesome-ai-memory
ee-juni,topoteretes/awesome-ai-memory
mrragava,topoteretes/awesome-ai-memory
raphaelmansuy,topoteretes/awesome-ai-memory
jans25,topoteretes/awesome-ai-memory
juanchristensen,topoteretes/awesome-ai-memory
hajdul88,topoteretes/awesome-ai-memory
aantti,topoteretes/awesome-ai-memory
MekongDelta-mind,anthropics/courses
mjarmstrong726,anthropics/courses
vienna-analytics,anthropics/courses
mirceaachirili,anthropics/courses
thanujrv,anthropics/courses
dimfeld,anthropics/courses
zubus,anthropics/courses
vicagbasi,anthropics/courses
abodacs,anthropics/courses
jacobjarnvall,anthropics/courses
halil-erdogan,anthropics/courses
thabangndhlovu,anthropics/courses
Qwertic,anthropics/courses
IsraelAbebe,anthropics/courses
Brock-Hanson,anthropics/courses
aousabdo,anthropics/courses
aristotelis-economides,anthropics/courses
tdvdev,anthropics/courses
erikdrouhard,anthropics/courses
aranibatta,anthropics/courses
goodfitcareers,anthropics/courses
zahariash,anthropics/courses
stefanraath3,anthropics/courses
jmrada14,anthropics/courses
avthars,anthropics/courses
mlmabie,anthropics/courses
NtaylorOX,anthropics/courses
ivanovdn,anthropics/courses
awaliuddin,anthropics/courses
ggsonic,anthropics/courses
FredericJacobs,C2SP/wycheproof
FiloSottile,C2SP/wycheproof
catn8r,C2SP/wycheproof
grimsbee,C2SP/wycheproof
dweinstein,C2SP/wycheproof
dschuermann,C2SP/wycheproof
chao-xian,C2SP/wycheproof
0xabad1dea,C2SP/wycheproof
roycewilliams,C2SP/wycheproof
achaussier,C2SP/wycheproof
jmnwong,C2SP/wycheproof
mgates,C2SP/wycheproof
ligurio,C2SP/wycheproof
wendigo,C2SP/wycheproof
mssun,C2SP/wycheproof
bcoppens,C2SP/wycheproof
ebfe,C2SP/wycheproof
kramse,C2SP/wycheproof
azet,C2SP/wycheproof
nelenkov,C2SP/wycheproof
dgryski,C2SP/wycheproof
mikecb,C2SP/wycheproof
jedisct1,C2SP/wycheproof
valeriansaliou,C2SP/wycheproof
veorq,C2SP/wycheproof
AnomalRoil,C2SP/wycheproof
HasanAbdulla,C2SP/wycheproof
cothan,C2SP/wycheproof
artem-smotrakov,C2SP/wycheproof
aquynh,C2SP/wycheproof
lawdlgleo,fastrepl/hyprnote
juanfcocontreras,fastrepl/hyprnote
Davd0x37,fastrepl/hyprnote
divmain,fastrepl/hyprnote
Spshulem,fastrepl/hyprnote
expert,fastrepl/hyprnote
pathikb,fastrepl/hyprnote
kpostaagasi,fastrepl/hyprnote
rbnthms,fastrepl/hyprnote
schemafault,fastrepl/hyprnote
Draygom,fastrepl/hyprnote
shaankho,fastrepl/hyprnote
igor-arkhipov,fastrepl/hyprnote
CollinsVakayil,fastrepl/hyprnote
wary-hermit,fastrepl/hyprnote
rajathsingh12,fastrepl/hyprnote
alessandropuppo,fastrepl/hyprnote
Paranjayy,fastrepl/hyprnote
Oluwamakinwa,fastrepl/hyprnote
wheregmis,fastrepl/hyprnote
bigdaditor,fastrepl/hyprnote
KIMTAEKJUN,fastrepl/hyprnote
Sorune,fastrepl/hyprnote
devgony,fastrepl/hyprnote
bradjonesca,fastrepl/hyprnote
aosasona,fastrepl/hyprnote
ComputelessComputer,fastrepl/hyprnote
wjdqhry,fastrepl/hyprnote
HL7644,fastrepl/hyprnote
yujonglee,fastrepl/hyprnote
menegazzi,facebookresearch/cruxeval
laurencecwj,facebookresearch/cruxeval
mlabonne,facebookresearch/cruxeval
Speuce,facebookresearch/cruxeval
mdrafiqulrabin,facebookresearch/cruxeval
denpy,facebookresearch/cruxeval
young-chao,facebookresearch/cruxeval
FightingFranky,facebookresearch/cruxeval
wavy-jung,facebookresearch/cruxeval
RunxinXu,facebookresearch/cruxeval
pkuzqh,facebookresearch/cruxeval
annahung31,facebookresearch/cruxeval
hammer,facebookresearch/cruxeval
dmarx,facebookresearch/cruxeval
haorannlp,facebookresearch/cruxeval
GanjinZero,facebookresearch/cruxeval
huybery,facebookresearch/cruxeval
UniverseFly,facebookresearch/cruxeval
Timothyxxx,facebookresearch/cruxeval
shyamsn97,facebookresearch/cruxeval
lu-m13,facebookresearch/cruxeval
online2311,facebookresearch/cruxeval
yanqiangmiffy,facebookresearch/cruxeval
virusdefender,facebookresearch/cruxeval
Ir1d,facebookresearch/cruxeval
JeffCarpenter,facebookresearch/cruxeval
zkx06111,facebookresearch/cruxeval
evdcush,facebookresearch/cruxeval
hyungkwonko,facebookresearch/cruxeval
GitHub30,facebookresearch/cruxeval
andrewchambers,gizak/termui
shkumagai,gizak/termui
yoppi,gizak/termui
andrewseidl,gizak/termui
bom-d-van,gizak/termui
dillonhafer,gizak/termui
jonathanpittman,gizak/termui
tsileo,gizak/termui
bketelsen,gizak/termui
LK4D4,gizak/termui
caglar10ur,gizak/termui
rimusz,gizak/termui
sarlalian,gizak/termui
dgryski,gizak/termui
billyogat,gizak/termui
omicsnut,gizak/termui
camiloribeiro,gizak/termui
narkisr,gizak/termui
infoslack,gizak/termui
raff,gizak/termui
joonathan,gizak/termui
markmandel,gizak/termui
lucaspwbx,gizak/termui
totem3,gizak/termui
fgrehm,gizak/termui
jackc,gizak/termui
crosbymichael,gizak/termui
icecrime,gizak/termui
gizak,gizak/termui
natebrennand,gizak/termui
aJesus37,mayneyao/eidos
ard0gg,mayneyao/eidos
argimenes,mayneyao/eidos
Nedgeva,mayneyao/eidos
Sky-FE,mayneyao/eidos
tecte,mayneyao/eidos
peterjc123,mayneyao/eidos
leifniem,mayneyao/eidos
Pengap,mayneyao/eidos
mjtechguy,mayneyao/eidos
orakle,mayneyao/eidos
kangminsukdotcom,mayneyao/eidos
dai,mayneyao/eidos
HammyHavoc,mayneyao/eidos
arsinclair,mayneyao/eidos
enpitsuLin,mayneyao/eidos
caoxing9,mayneyao/eidos
shawndenggh,mayneyao/eidos
aydengen,mayneyao/eidos
kaptinlin,mayneyao/eidos
subframe7536,mayneyao/eidos
lg2it,mayneyao/eidos
boris-w,mayneyao/eidos
OEvgeny,mayneyao/eidos
ken551113,mayneyao/eidos
zxch3n,mayneyao/eidos
tea-artist,mayneyao/eidos
xesrevinu,mayneyao/eidos
wangkailang,mayneyao/eidos
JaneSu,mayneyao/eidos
ereslibre,chjj/tty.js
grigio,chjj/tty.js
DAddYE,chjj/tty.js
sjaq,chjj/tty.js
madx,chjj/tty.js
mjw,chjj/tty.js
pablasso,chjj/tty.js
coreyti,chjj/tty.js
indexzero,chjj/tty.js
luca,chjj/tty.js
dshaw,chjj/tty.js
geku,chjj/tty.js
d1rewolf,chjj/tty.js
aziz,chjj/tty.js
slashdotdash,chjj/tty.js
schmurfy,chjj/tty.js
dingyi,chjj/tty.js
softprops,chjj/tty.js
stan,chjj/tty.js
babo,chjj/tty.js
rmoriz,chjj/tty.js
mcroydon,chjj/tty.js
durdn,chjj/tty.js
andrew,chjj/tty.js
arunthampi,chjj/tty.js
jasherai,chjj/tty.js
yrashk,chjj/tty.js
sbusso,chjj/tty.js
vic,chjj/tty.js
BrianTheCoder,chjj/tty.js
tdesercey,AdamShannag/hookah-ui
farouq-gfishi,AdamShannag/hookah-ui
destructobeam,AdamShannag/hookah-ui
Azim-Ahmed,AdamShannag/hookah-ui
Descent098,AdamShannag/hookah-ui
avary,AdamShannag/hookah-ui
Nedgeva,AdamShannag/hookah-ui
Shield-net,AdamShannag/hookah-ui
manuelkoester,AdamShannag/hookah-ui
BoostN,AdamShannag/hookah-ui
sangreprimitiva,AdamShannag/hookah-ui
ewowi,AdamShannag/hookah-ui
danielstgt,AdamShannag/hookah-ui
mingfang,AdamShannag/hookah-ui
RobertConde,AdamShannag/hookah-ui
Antoine-lb,AdamShannag/hookah-ui
Stanton-B,AdamShannag/hookah-ui
alessandrojcm,AdamShannag/hookah-ui
mabed,AdamShannag/hookah-ui
tomhermans,AdamShannag/hookah-ui
AdamShannag,AdamShannag/hookah-ui
Protoc0l,neil-morrison44/pocket-sync
vayan,neil-morrison44/pocket-sync
bradobryhim,neil-morrison44/pocket-sync
66tree,neil-morrison44/pocket-sync
sabre230,neil-morrison44/pocket-sync
feenatic,neil-morrison44/pocket-sync
Pechente,neil-morrison44/pocket-sync
dyreschlock,neil-morrison44/pocket-sync
FB-Reda,neil-morrison44/pocket-sync
tyvar1,neil-morrison44/pocket-sync
eriiikk,neil-morrison44/pocket-sync
ivodopiviz,neil-morrison44/pocket-sync
bfolkman,neil-morrison44/pocket-sync
Melluish,neil-morrison44/pocket-sync
creoden,neil-morrison44/pocket-sync
brimoran,neil-morrison44/pocket-sync
630216-29-2400,neil-morrison44/pocket-sync
tsalvo,neil-morrison44/pocket-sync
ElongatedMetroid,neil-morrison44/pocket-sync
Krispy44,neil-morrison44/pocket-sync
agg23,neil-morrison44/pocket-sync
CugelClever,neil-morrison44/pocket-sync
espiox,neil-morrison44/pocket-sync
RetroDriven,neil-morrison44/pocket-sync
Lrs121,neil-morrison44/pocket-sync
mattpannella,neil-morrison44/pocket-sync
eramdam,neil-morrison44/pocket-sync
symm,neil-morrison44/pocket-sync
davewongillies,neil-morrison44/pocket-sync
pomettini,neil-morrison44/pocket-sync
cloud1110,python-openxml/python-docx
ubiqtus,python-openxml/python-docx
waylan,python-openxml/python-docx
dee1337,python-openxml/python-docx
suroegin,python-openxml/python-docx
cpetz,python-openxml/python-docx
crlane,python-openxml/python-docx
MarioVilas,python-openxml/python-docx
kidphys,python-openxml/python-docx
iyangming,python-openxml/python-docx
silviud,python-openxml/python-docx
ethanjyx,python-openxml/python-docx
mburge,python-openxml/python-docx
kinnarr,python-openxml/python-docx
sychen,python-openxml/python-docx
wilburding,python-openxml/python-docx
everbird,python-openxml/python-docx
soasme,python-openxml/python-docx
michaelplus,python-openxml/python-docx
ljean,python-openxml/python-docx
jeanbaptisteb,python-openxml/python-docx
psawaya,python-openxml/python-docx
jacebrowning,python-openxml/python-docx
lucasbrendel,python-openxml/python-docx
dbzhang800,python-openxml/python-docx
ptzagk,python-openxml/python-docx
abakar,python-openxml/python-docx
marazmiki,python-openxml/python-docx
keithsun80,python-openxml/python-docx
shapiromatron,python-openxml/python-docx
jabirali,vipzhicheng/logseq-plugin-vim-shortcuts
dewolfe,vipzhicheng/logseq-plugin-vim-shortcuts
Soyukke,vipzhicheng/logseq-plugin-vim-shortcuts
qiuzhenyuan,vipzhicheng/logseq-plugin-vim-shortcuts
touzi-xiansheng,vipzhicheng/logseq-plugin-vim-shortcuts
sooheon,vipzhicheng/logseq-plugin-vim-shortcuts
seipy,vipzhicheng/logseq-plugin-vim-shortcuts
imjma,vipzhicheng/logseq-plugin-vim-shortcuts
waynezhang,vipzhicheng/logseq-plugin-vim-shortcuts
CyoeeA9e,vipzhicheng/logseq-plugin-vim-shortcuts
jyanar,vipzhicheng/logseq-plugin-vim-shortcuts
luisherranz,vipzhicheng/logseq-plugin-vim-shortcuts
afenc,vipzhicheng/logseq-plugin-vim-shortcuts
yet-another-tim,vipzhicheng/logseq-plugin-vim-shortcuts
szalai1,vipzhicheng/logseq-plugin-vim-shortcuts
xiaolanglanglang,vipzhicheng/logseq-plugin-vim-shortcuts
AvijeetPrasad,vipzhicheng/logseq-plugin-vim-shortcuts
jayu-eleutheria,vipzhicheng/logseq-plugin-vim-shortcuts
ZackYJz,vipzhicheng/logseq-plugin-vim-shortcuts
peizh,vipzhicheng/logseq-plugin-vim-shortcuts
artemith,vipzhicheng/logseq-plugin-vim-shortcuts
ahonn,vipzhicheng/logseq-plugin-vim-shortcuts
hmamigo,vipzhicheng/logseq-plugin-vim-shortcuts
abcghy,vipzhicheng/logseq-plugin-vim-shortcuts
Spacewhalegg,vipzhicheng/logseq-plugin-vim-shortcuts
MattHulse,vipzhicheng/logseq-plugin-vim-shortcuts
brw,vipzhicheng/logseq-plugin-vim-shortcuts
asvx,vipzhicheng/logseq-plugin-vim-shortcuts
lyserenity,vipzhicheng/logseq-plugin-vim-shortcuts
xyhp915,vipzhicheng/logseq-plugin-vim-shortcuts
zbing3,python-arq/arq
anqur,python-arq/arq
ly0,python-arq/arq
os,python-arq/arq
sdeancos,python-arq/arq
lchsk,python-arq/arq
darwinshameran,python-arq/arq
msoedov,python-arq/arq
mistresseve666,python-arq/arq
rutsky,python-arq/arq
living42,python-arq/arq
exister,python-arq/arq
stleon,python-arq/arq
MechanisM,python-arq/arq
Derfirm,python-arq/arq
ivlevdenis,python-arq/arq
lov3catch,python-arq/arq
dveselov,python-arq/arq
khaledmdiab,python-arq/arq
asvetlov,python-arq/arq
lightless233,python-arq/arq
ring04h,python-arq/arq
Dmitri-Sintsov,python-arq/arq
dkrikun,python-arq/arq
d-led,python-arq/arq
denisfitz57,python-arq/arq
baffolobill,python-arq/arq
ionelmc,python-arq/arq
martinffx,python-arq/arq
samuelcolvin,python-arq/arq
slbug,nebulab/pulsar
AdamFerguson,nebulab/pulsar
XORwell,nebulab/pulsar
bcatherall,nebulab/pulsar
nick-desteffen,nebulab/pulsar
nurey,nebulab/pulsar
invalidusrname,nebulab/pulsar
gabrielrios,nebulab/pulsar
joshhart,nebulab/pulsar
backpackerhh,nebulab/pulsar
alexandrule,nebulab/pulsar
parasquid,nebulab/pulsar
ckuwanoe,nebulab/pulsar
gdumitrescu,nebulab/pulsar
Evan-M,nebulab/pulsar
joelmoss,nebulab/pulsar
njam,nebulab/pulsar
chrise86,nebulab/pulsar
targence,nebulab/pulsar
alepore,nebulab/pulsar
dhinus,nebulab/pulsar
dfranciosi,nebulab/pulsar
maintux,nebulab/pulsar
olistik,nebulab/pulsar
luca,nebulab/pulsar
matjack1,nebulab/pulsar
saten,nebulab/pulsar
duncanita,nebulab/pulsar
philss,nebulab/pulsar
kennyadsl,nebulab/pulsar
marcodelpin,ruvnet/dspy.ts
neil-coretainium,ruvnet/dspy.ts
smartaces,ruvnet/dspy.ts
jacob-israel-turner,ruvnet/dspy.ts
daydy-dev,ruvnet/dspy.ts
WibowoS26,ruvnet/dspy.ts
RickyC0626,ruvnet/dspy.ts
nasserml,ruvnet/dspy.ts
dikiprawisuda,ruvnet/dspy.ts
dexxxxca,ruvnet/dspy.ts
plexormedia,ruvnet/dspy.ts
24601,ruvnet/dspy.ts
legu91-finance,ruvnet/dspy.ts
CyrusNuevoDia,ruvnet/dspy.ts
vijaykammili,ruvnet/dspy.ts
DevomB,ruvnet/dspy.ts
paul5007,ruvnet/dspy.ts
ProfSynapse,ruvnet/dspy.ts
migara,ruvnet/dspy.ts
lilemma,ruvnet/dspy.ts
jwynia,ruvnet/dspy.ts
knosey,ruvnet/dspy.ts
paulfruitful,ruvnet/dspy.ts
motvicka,ruvnet/dspy.ts
dr3s,ruvnet/dspy.ts
BleedingDev,ruvnet/dspy.ts
hackingco,ruvnet/dspy.ts
darmie,ruvnet/dspy.ts
ipattis,ruvnet/dspy.ts
pelikhan,ruvnet/dspy.ts
mssun,droidsec/droidsec.github.io
HorseLuke,droidsec/droidsec.github.io
filipeoliveiraa,droidsec/droidsec.github.io
dapithor,droidsec/droidsec.github.io
trietptm,droidsec/droidsec.github.io
oguzhantopgul,droidsec/droidsec.github.io
longerpop,droidsec/droidsec.github.io
realmeh,droidsec/droidsec.github.io
inferjay,droidsec/droidsec.github.io
xalexchen,droidsec/droidsec.github.io
swooder,droidsec/droidsec.github.io
henices,droidsec/droidsec.github.io
flankerhqd,droidsec/droidsec.github.io
Cnlouds,droidsec/droidsec.github.io
alexcpsec,droidsec/droidsec.github.io
zclfly,droidsec/droidsec.github.io
n0way,droidsec/droidsec.github.io
MindMac,droidsec/droidsec.github.io
zhangran,droidsec/droidsec.github.io
secmobi,droidsec/droidsec.github.io
liujiali,droidsec/droidsec.github.io
Fuzion24,droidsec/droidsec.github.io
nbosa,droidsec/droidsec.github.io
7h3rAm,droidsec/droidsec.github.io
quine,droidsec/droidsec.github.io
CristianDobre,droidsec/droidsec.github.io
lkj,droidsec/droidsec.github.io
terry2012,droidsec/droidsec.github.io
opcodesec,droidsec/droidsec.github.io
cocaman,droidsec/droidsec.github.io
gutenye,AutoHotkey/AutoHotkey
dofy,AutoHotkey/AutoHotkey
fractalspace,AutoHotkey/AutoHotkey
tnotstar,AutoHotkey/AutoHotkey
dy,AutoHotkey/AutoHotkey
jwistaria,AutoHotkey/AutoHotkey
firestrand,AutoHotkey/AutoHotkey
ninehills,AutoHotkey/AutoHotkey
ser1zw,AutoHotkey/AutoHotkey
HotKeyIt,AutoHotkey/AutoHotkey
rafi,AutoHotkey/AutoHotkey
tjbalingit,AutoHotkey/AutoHotkey
wmchristie,AutoHotkey/AutoHotkey
dnbrv,AutoHotkey/AutoHotkey
Heretic312,AutoHotkey/AutoHotkey
infogulch,AutoHotkey/AutoHotkey
temp01,AutoHotkey/AutoHotkey
chr,AutoHotkey/AutoHotkey
attiks,AutoHotkey/AutoHotkey
mikeplate,AutoHotkey/AutoHotkey
ih57452,AutoHotkey/AutoHotkey
adrienne,AutoHotkey/AutoHotkey
ijprest,AutoHotkey/AutoHotkey
ichik,AutoHotkey/AutoHotkey
Lexikos,AutoHotkey/AutoHotkey
tinku99,AutoHotkey/AutoHotkey
laplix,AutoHotkey/AutoHotkey
yaroot,AutoHotkey/AutoHotkey
kodybrown,AutoHotkey/AutoHotkey
mht,AutoHotkey/AutoHotkey
yachi,wg-easy/wg-easy
jakeswenson,wg-easy/wg-easy
tehnull,wg-easy/wg-easy
SalGnt,wg-easy/wg-easy
dustin-hawkins,wg-easy/wg-easy
mjgil,wg-easy/wg-easy
nickshanks347,wg-easy/wg-easy
lookfirst,wg-easy/wg-easy
losuler,wg-easy/wg-easy
Chetan496,wg-easy/wg-easy
spddl,wg-easy/wg-easy
mmerchant,wg-easy/wg-easy
tracure1337,wg-easy/wg-easy
szuch1,wg-easy/wg-easy
paramdeo,wg-easy/wg-easy
zaiste,wg-easy/wg-easy
acarmel,wg-easy/wg-easy
rsp2k,wg-easy/wg-easy
amilcarblake,wg-easy/wg-easy
pandafy,wg-easy/wg-easy
kidd,wg-easy/wg-easy
hirajanwin,wg-easy/wg-easy
s4msy,wg-easy/wg-easy
frankbo,wg-easy/wg-easy
excodex,wg-easy/wg-easy
Cilusse,wg-easy/wg-easy
torfinnnome,wg-easy/wg-easy
JHrenyk,wg-easy/wg-easy
jamesturton,wg-easy/wg-easy
rudrp,wg-easy/wg-easy
hlandau,wireviz/WireViz
dansdocs,wireviz/WireViz
wardsgit,wireviz/WireViz
kurohai,wireviz/WireViz
jporte,wireviz/WireViz
pbsds,wireviz/WireViz
zdlovett,wireviz/WireViz
42CrMo4,wireviz/WireViz
ianrmurphy,wireviz/WireViz
jmowen,wireviz/WireViz
mikenussbaumer,wireviz/WireViz
BobRyan530,wireviz/WireViz
JoshZA,wireviz/WireViz
pmercier,wireviz/WireViz
bytebang,wireviz/WireViz
BluSpanner,wireviz/WireViz
sam-bristow,wireviz/WireViz
icebergs,wireviz/WireViz
andersdra,wireviz/WireViz
MS3FGX,wireviz/WireViz
iseanstevens,wireviz/WireViz
yconst,wireviz/WireViz
morgulbrut,wireviz/WireViz
mlapis,wireviz/WireViz
asutherland,wireviz/WireViz
Kezii,wireviz/WireViz
g5pw,wireviz/WireViz
oli-f,wireviz/WireViz
blowfish2003,wireviz/WireViz
rglenn,wireviz/WireViz
patricksamson,chadgeary/cloudblock
Rooster212,chadgeary/cloudblock
ravijampani,chadgeary/cloudblock
eskadah,chadgeary/cloudblock
nitrohorse,chadgeary/cloudblock
JohnClementine,chadgeary/cloudblock
flochtililoch,chadgeary/cloudblock
iam-j,chadgeary/cloudblock
yashodhank,chadgeary/cloudblock
johntellsall,chadgeary/cloudblock
aram535,chadgeary/cloudblock
weselko,chadgeary/cloudblock
abhishek-goyal,chadgeary/cloudblock
anugnes,chadgeary/cloudblock
i-mtz,chadgeary/cloudblock
lingxueli,chadgeary/cloudblock
fabiodbr,chadgeary/cloudblock
hamannju,chadgeary/cloudblock
martinfobian,chadgeary/cloudblock
viper233,chadgeary/cloudblock
bitsandbooks,chadgeary/cloudblock
jowin-alphanodus,chadgeary/cloudblock
armaanhammer,chadgeary/cloudblock
Blake-,chadgeary/cloudblock
noideal,chadgeary/cloudblock
derblub,chadgeary/cloudblock
nmacafee,chadgeary/cloudblock
bashirsouid,chadgeary/cloudblock
edugg,chadgeary/cloudblock
cnpdev,chadgeary/cloudblock
jimbrig,TfTHacker/DashboardPlusPlus
NylaTheWolf,TfTHacker/DashboardPlusPlus
au-a7,TfTHacker/DashboardPlusPlus
izecell,TfTHacker/DashboardPlusPlus
DryIce1,TfTHacker/DashboardPlusPlus
Limezy,TfTHacker/DashboardPlusPlus
WynterAC,TfTHacker/DashboardPlusPlus
michaelhettmer,TfTHacker/DashboardPlusPlus
bastianherzog,TfTHacker/DashboardPlusPlus
apriljgranzow,TfTHacker/DashboardPlusPlus
PaxVolumi,TfTHacker/DashboardPlusPlus
flyinguard,TfTHacker/DashboardPlusPlus
michaelmillerjr,TfTHacker/DashboardPlusPlus
stefanag,TfTHacker/DashboardPlusPlus
gssantana,TfTHacker/DashboardPlusPlus
leethobbit,TfTHacker/DashboardPlusPlus
benhamilton,TfTHacker/DashboardPlusPlus
safrilth,TfTHacker/DashboardPlusPlus
darekoo,TfTHacker/DashboardPlusPlus
stankotrcek,TfTHacker/DashboardPlusPlus
rgarciaseija,TfTHacker/DashboardPlusPlus
FlohGro-dev,TfTHacker/DashboardPlusPlus
aConsciousSea,TfTHacker/DashboardPlusPlus
Flexihh,TfTHacker/DashboardPlusPlus
gcoulthard,TfTHacker/DashboardPlusPlus
thelegend09,TfTHacker/DashboardPlusPlus
gobbletown,TfTHacker/DashboardPlusPlus
cweekly,TfTHacker/DashboardPlusPlus
nkkn1008,TfTHacker/DashboardPlusPlus
zubayrali,TfTHacker/DashboardPlusPlus
FlorentLa,mikegc-aws/Lambda-MCP-Server
SakthiPrakashK,mikegc-aws/Lambda-MCP-Server
pradpate,mikegc-aws/Lambda-MCP-Server
seeinyou,mikegc-aws/Lambda-MCP-Server
andrewhopper,mikegc-aws/Lambda-MCP-Server
victoranaylton,mikegc-aws/Lambda-MCP-Server
orossant,mikegc-aws/Lambda-MCP-Server
walmsles,mikegc-aws/Lambda-MCP-Server
outofgamut,mikegc-aws/Lambda-MCP-Server
ryfeus,mikegc-aws/Lambda-MCP-Server
Juanpask99,mikegc-aws/Lambda-MCP-Server
sumith-lawpath,mikegc-aws/Lambda-MCP-Server
sanmathigb,mikegc-aws/Lambda-MCP-Server
PetarRan,mikegc-aws/Lambda-MCP-Server
nir-zilberman,mikegc-aws/Lambda-MCP-Server
Wubbiez,mikegc-aws/Lambda-MCP-Server
rajatmohanty,mikegc-aws/Lambda-MCP-Server
leandrojo,mikegc-aws/Lambda-MCP-Server
philippatterson,mikegc-aws/Lambda-MCP-Server
madlinux768,mikegc-aws/Lambda-MCP-Server
mparaz,mikegc-aws/Lambda-MCP-Server
yourzinc,mikegc-aws/Lambda-MCP-Server
seanlee10,mikegc-aws/Lambda-MCP-Server
givehug,mikegc-aws/Lambda-MCP-Server
bartoszgolebiowski,mikegc-aws/Lambda-MCP-Server
DGuhr,mikegc-aws/Lambda-MCP-Server
enriquegomeztagle,mikegc-aws/Lambda-MCP-Server
fabriziorocco,mikegc-aws/Lambda-MCP-Server
rabbah,mikegc-aws/Lambda-MCP-Server
manishdeo,mikegc-aws/Lambda-MCP-Server
aarnphm,lancedb/lancedb
bobingm,lancedb/lancedb
jgmize,lancedb/lancedb
chunyang,lancedb/lancedb
dnsco,lancedb/lancedb
ajbouh,lancedb/lancedb
tkersey,lancedb/lancedb
nikitavoloboev,lancedb/lancedb
c4milo,lancedb/lancedb
ssheng,lancedb/lancedb
vishjain,lancedb/lancedb
Auz,lancedb/lancedb
progrium,lancedb/lancedb
BSick7,lancedb/lancedb
davidzshi,lancedb/lancedb
mvoodarla,lancedb/lancedb
parano,lancedb/lancedb
ssickles,lancedb/lancedb
gokulprabh,lancedb/lancedb
sanketch,lancedb/lancedb
mrubash1,lancedb/lancedb
alberts,lancedb/lancedb
ai2ys,lancedb/lancedb
zhuwenxing,lancedb/lancedb
tnachen,lancedb/lancedb
stokaace,lancedb/lancedb
tristanz,lancedb/lancedb
changhiskhan,lancedb/lancedb
eddyxu,lancedb/lancedb
jaichopra,lancedb/lancedb
Iguinrj,alisonpezzott/calendar_periods_time_tables_power_bi
Draygom,alisonpezzott/calendar_periods_time_tables_power_bi
fabiosantana79,alisonpezzott/calendar_periods_time_tables_power_bi
JorgeFirmiano,alisonpezzott/calendar_periods_time_tables_power_bi
marcogamaa,alisonpezzott/calendar_periods_time_tables_power_bi
SilvioMiranda,alisonpezzott/calendar_periods_time_tables_power_bi
mvgentil,alisonpezzott/calendar_periods_time_tables_power_bi
barigonta,alisonpezzott/calendar_periods_time_tables_power_bi
vorges-data,alisonpezzott/calendar_periods_time_tables_power_bi
fabioascoelho,alisonpezzott/calendar_periods_time_tables_power_bi
diegomcolucci,alisonpezzott/calendar_periods_time_tables_power_bi
pedro-que1roz,alisonpezzott/calendar_periods_time_tables_power_bi
fymagalhaes,alisonpezzott/calendar_periods_time_tables_power_bi
borges1411,alisonpezzott/calendar_periods_time_tables_power_bi
opusvix,alisonpezzott/calendar_periods_time_tables_power_bi
RailanDeivid,alisonpezzott/calendar_periods_time_tables_power_bi
Romaineas,alisonpezzott/calendar_periods_time_tables_power_bi
fredgaiotti,alisonpezzott/calendar_periods_time_tables_power_bi
wvdomingos,alisonpezzott/calendar_periods_time_tables_power_bi
fornas,alisonpezzott/calendar_periods_time_tables_power_bi
berjopica,alisonpezzott/calendar_periods_time_tables_power_bi
celsoba,alisonpezzott/calendar_periods_time_tables_power_bi
viniciuskopi,alisonpezzott/calendar_periods_time_tables_power_bi
rgarciaseija,alisonpezzott/calendar_periods_time_tables_power_bi
vinicius-caldeira,alisonpezzott/calendar_periods_time_tables_power_bi
Laercio-Coelho,alisonpezzott/calendar_periods_time_tables_power_bi
eric-ssantana,alisonpezzott/calendar_periods_time_tables_power_bi
lucasdataanalytics,alisonpezzott/calendar_periods_time_tables_power_bi
jesustdmen,alisonpezzott/calendar_periods_time_tables_power_bi
FabricioCruz-eng,alisonpezzott/calendar_periods_time_tables_power_bi
purnhar,openjdk/jmc
myronkscott,openjdk/jmc
balmaster,openjdk/jmc
pandening,openjdk/jmc
RoySunnySean007,openjdk/jmc
jexp,openjdk/jmc
gchudnov,openjdk/jmc
ikysil,openjdk/jmc
lrabbit,openjdk/jmc
brunoborges,openjdk/jmc
y-higuchi,openjdk/jmc
TheMrMilchmann,openjdk/jmc
sormuras,openjdk/jmc
dmitry-timofeev,openjdk/jmc
esihaj,openjdk/jmc
hhoffstaette,openjdk/jmc
ettoremaiorana,openjdk/jmc
SlyDen,openjdk/jmc
snonov,openjdk/jmc
jeanbisutti,openjdk/jmc
shichaoyuan,openjdk/jmc
Blackdread,openjdk/jmc
leonardwoo,openjdk/jmc
ramonPires,openjdk/jmc
jessyec-s,openjdk/jmc
tabjy,openjdk/jmc
plokhotnyuk,openjdk/jmc
thegreystone,openjdk/jmc
sureshg,openjdk/jmc
robilad,openjdk/jmc
AndiEcker,dscripka/signal-desktop-api
agrathwohl,dscripka/signal-desktop-api
lgritz,NVIDIA/cuda-samples
cocafe,NVIDIA/cuda-samples
dmageeLANL,NVIDIA/cuda-samples
yimingqpa,NVIDIA/cuda-samples
cliffyin,NVIDIA/cuda-samples
jerryvig,NVIDIA/cuda-samples
icylord,NVIDIA/cuda-samples
yanzeyu,NVIDIA/cuda-samples
Brynyard,NVIDIA/cuda-samples
qwkhyena,NVIDIA/cuda-samples
bsingharora,NVIDIA/cuda-samples
swdever,NVIDIA/cuda-samples
pranav-vempati,NVIDIA/cuda-samples
CheYulin,NVIDIA/cuda-samples
yangyang14641,NVIDIA/cuda-samples
dataskin,NVIDIA/cuda-samples
ritajitk,NVIDIA/cuda-samples
ironjr,NVIDIA/cuda-samples
limin2021,NVIDIA/cuda-samples
stephenbnicar,NVIDIA/cuda-samples
Zornell,NVIDIA/cuda-samples
BryanMCarroll,NVIDIA/cuda-samples
gong6387,NVIDIA/cuda-samples
741zxc606,NVIDIA/cuda-samples
MSC19950601,NVIDIA/cuda-samples
lilyzhng,NVIDIA/cuda-samples
caomw,NVIDIA/cuda-samples
vinjn,NVIDIA/cuda-samples
merlinzone,NVIDIA/cuda-samples
farhan333,NVIDIA/cuda-samples
